created_time,Engaged_Fans,Engaged_Users,Impressions,Negative_Feedback,NonViral_impressions,NonViral_Reach,Post_Activity,Post_Activity_Unique,Post_Clicks,Unique_Post_Clicks,Post_reactions_anger,Post_reactions_haha,Post_reactions_like,Post_reactions_love,Post_reactions_sorry,Post_reactions_wow,Reach
17/10/2018 23:00,1597,4408,106810,2,66238,49294,3695,3168,1785,1639,0,2,2797,44,0,0,78871
17/10/2018 22:30,2707,10141,219661,6,94975,70576,8885,7652,4318,4025,1,3,6450,123,1,4,161544
17/10/2018 22:00,2566,9810,179901,6,112843,84567,7972,7367,3626,3245,2,11,6281,127,0,3,132697
17/10/2018 21:30,1456,4046,103443,4,76312,58293,3878,3250,1501,1355,0,0,2988,66,1,2,77724
17/10/2018 21:00,3578,10337,249752,3,118119,89672,8463,7013,5474,4795,3,2,5669,161,3,2,184368
17/10/2018 20:00,645,1320,50854,1,41752,30805,1098,961,543,476,0,1,837,23,4,0,36740
17/10/2018 19:30,2811,8603,208018,5,97833,72548,6824,5827,4436,3941,1,6,4386,145,1,3,152148
17/10/2018 19:00,3893,9659,240944,6,119540,91413,8127,7063,4238,3726,0,3,5707,144,1,1,171748
17/10/2018 18:30,1480,5480,113707,1,57720,43671,4534,3934,2558,2181,0,3,3313,83,3,0,83275
17/10/2018 18:00,4010,11171,258094,15,114607,87919,9974,8600,4925,4408,0,5,6742,214,12,1,192877
17/10/2018 17:30,9516,34410,575812,9,216131,164969,28793,24987,14970,13924,1,15,22149,638,17,24,421626
17/10/2018 17:00,5573,14104,291126,9,118785,90513,9989,8218,9034,7726,2,4,6343,238,5,8,214637
17/10/2018 16:30,2144,5508,151202,3,73542,54896,4050,3607,2679,2341,0,76,2542,78,3,7,110231
17/10/2018 16:00,977,1837,67122,1,48634,34519,1370,1141,1039,863,1,100,816,38,0,2,46447
17/10/2018 15:00,1808,4235,123047,4,66978,48263,3121,2598,2204,1959,1,15,2122,62,3,4,88964
17/10/2018 14:00,3450,9261,234937,5,102990,76494,7792,6575,4628,4173,2,6,5197,158,5,3,168555
17/10/2018 13:00,6684,19706,415045,5,147391,112271,16660,14109,9329,8329,2,15,11743,446,23,8,297675
17/10/2018 12:00,3708,10753,270113,6,112560,83458,8514,7109,6272,5313,1,8,5306,216,9,8,193098
17/10/2018 11:00,2044,7603,162346,6,87420,66097,5011,4714,4034,3708,0,10,3984,70,2,1,122310
17/10/2018 10:30,4188,12408,282026,9,103148,72281,10504,8844,6199,5433,0,7,7261,281,0,7,195761
17/10/2018 09:30,12332,39094,788151,26,205732,149468,34613,29911,14421,12836,0,18,25971,1171,38,9,556027
17/10/2018 09:00,3975,11619,250196,6,97704,73363,9783,7830,6131,5677,1,6,6681,273,7,4,185213
17/10/2018 08:30,3381,7841,192721,7,89368,65547,5475,4267,5269,4635,2,9,3292,168,21,8,145422
17/10/2018 07:30,6496,16507,379529,15,127468,95255,11422,8829,11426,9932,0,8,6637,415,23,7,277653
17/10/2018 07:00,2784,7563,174647,7,75721,55528,6099,5442,3429,3178,0,4,4314,98,8,3,125299
17/10/2018 06:00,4097,10957,254506,5,83720,60314,10137,8037,5699,5145,0,6,6927,276,3,1,187583
17/10/2018 05:45,9332,42088,634108,26,284585,216535,36763,33293,14905,13343,1,36,30340,1073,2,28,494789
17/10/2018 05:30,1988,5141,124136,6,47228,33514,3663,2855,3146,2659,2,0,2266,62,0,0,88852
17/10/2018 05:15,8767,45374,712670,24,238636,180534,37395,32889,19102,16887,1,6,30946,627,2,36,500255
17/10/2018 05:00,4635,11094,269659,9,94413,68918,9330,7572,6153,5322,0,3,5942,289,3,2,191644
16/10/2018 23:01,909,2099,66043,0,42407,32189,1679,1382,1044,934,0,1,1126,37,0,1,48895
16/10/2018 22:30,1870,4946,135065,0,73982,52357,3509,2871,2915,2598,0,5,2134,73,2,1,95083
16/10/2018 22:00,1714,4578,139192,3,84111,63377,3610,2971,2394,2225,2,2,2433,49,0,1,102216
16/10/2018 21:30,4754,17829,397391,7,151819,112262,13637,11775,8643,8009,1,4,9697,180,20,1,280592
16/10/2018 21:00,1069,3572,83661,2,61953,45895,2549,2219,1831,1621,0,3,1812,31,2,5,58726
16/10/2018 20:30,9470,33835,640192,18,180636,135443,27402,23139,17494,15281,1,5,20123,667,8,16,472556
16/10/2018 20:00,3802,12848,315696,6,114866,85006,9224,7369,7698,6920,4,22,5790,199,26,20,225251
16/10/2018 19:30,4478,11650,274392,4,124596,91517,8188,6879,6570,6139,2,8,5468,260,13,4,193777
16/10/2018 19:00,1392,3543,102147,3,60726,44348,2707,2237,2072,1820,0,1,1868,67,0,0,71419
16/10/2018 18:30,5120,13475,332993,10,133479,100417,9987,8437,7452,6614,0,10,6855,212,6,3,245868
16/10/2018 18:00,7165,22681,540309,16,165734,125861,19992,16216,11347,9732,1,11,13559,469,5,3,376797
16/10/2018 17:30,1825,3684,119687,3,79570,58651,2074,1702,2768,2347,3,2,1269,38,33,6,86940
16/10/2018 17:00,1650,5334,148800,6,82732,61058,4322,3660,2536,2294,0,0,3182,102,3,2,106627
16/10/2018 16:00,2379,6514,175719,7,86887,63358,4660,4061,3353,3014,0,2,3152,78,0,2,126295
16/10/2018 15:01,11339,35925,831601,17,205256,154215,28292,22788,20244,17754,3,65,18653,553,54,26,585024
16/10/2018 14:30,1370,4357,115140,4,87080,66774,3258,2917,2116,1923,0,3,2657,68,1,0,85325
16/10/2018 14:00,2291,8239,199524,5,113047,86315,6475,5823,3730,3370,0,4,4936,154,1,3,146620
16/10/2018 13:00,3423,9937,268883,4,130227,95823,7534,6331,5175,4837,2,3,5202,135,9,4,192901
16/10/2018 12:00,6013,17771,387797,12,159090,117258,11390,9359,11396,10256,1,8,7337,210,55,8,284817
16/10/2018 11:30,2946,7804,198274,7,102970,73919,5590,4460,5039,4340,1,5,3533,166,0,10,140515
16/10/2018 11:00,1318,3471,108059,1,69417,50713,2272,1840,2277,2046,1,2,1483,29,1,3,77810
16/10/2018 10:00,4105,12824,314627,9,121498,90838,10616,9215,6392,5567,0,2,7197,189,3,3,227871
16/10/2018 09:30,2494,8386,207880,8,99558,73960,6019,5338,4157,3607,1,8,4134,139,0,2,151568
16/10/2018 09:00,1606,4785,121887,4,62760,44805,3742,3140,2362,2060,1,9,2596,64,0,2,86249
16/10/2018 08:00,9212,28820,519965,13,194124,145105,23583,20914,13007,11880,2,46,17789,1050,3,16,373242
16/10/2018 07:00,10430,36719,872982,22,196702,145964,30740,24559,19794,16622,2,63,20738,933,2,15,621363
16/10/2018 06:30,1001,2518,66866,4,45099,33551,2090,1811,1046,998,0,0,1596,30,0,1,49931
16/10/2018 06:00,2421,6762,169229,3,73228,55879,4961,4127,3669,3245,2,2,3373,81,1,3,126088
16/10/2018 05:45,3527,11176,274051,5,104573,80247,9683,8007,5789,5225,0,1,6474,270,1,1,192764
16/10/2018 05:30,1586,3050,97434,3,55283,40031,2478,1972,1761,1514,0,2,1494,78,0,2,67778
16/10/2018 05:15,4219,11401,296022,13,99510,73299,9573,7585,6548,5732,2,1,6175,145,1,1,203632
16/10/2018 05:00,3279,8218,218788,6,83631,61368,7025,5751,4219,3589,1,1,4620,175,3,0,152920
15/10/2018 23:00,4532,13798,332404,10,152878,113038,11314,9471,7741,7084,0,3,7641,356,0,3,242920
15/10/2018 22:45,713,1499,59753,1,48739,34705,893,764,1011,890,0,0,615,23,0,1,42391
15/10/2018 22:30,2373,7828,188300,6,94160,69947,5563,4785,4200,3854,0,3,3904,107,1,2,137995
15/10/2018 22:00,963,2501,83442,6,62534,47198,1606,1357,1622,1420,0,0,1099,34,0,0,60011
15/10/2018 21:30,4532,18749,441161,12,161741,122455,14709,12001,9745,8840,2,4,10096,264,4,4,320123
15/10/2018 21:00,2147,6041,163097,4,98077,69931,3800,3230,3720,3294,0,1,2641,93,6,3,114357
15/10/2018 20:00,1267,3099,99845,6,61077,43363,2279,1980,1674,1468,0,1,1564,44,0,1,73039
15/10/2018 19:00,3538,9983,229620,10,118988,86759,8428,7359,4625,4267,0,1,6106,224,8,0,169325
15/10/2018 18:30,1150,3023,90234,2,63704,48476,1956,1711,1784,1531,0,6,1401,32,3,2,67162
15/10/2018 18:00,6848,24674,614267,17,204737,147885,18989,15657,13628,11805,10,26,13196,365,5,24,441575
15/10/2018 17:30,3660,12395,310874,6,132129,96135,9172,7667,7095,6207,0,1,6246,170,21,1,213564
15/10/2018 17:00,5731,17556,454631,10,165269,115423,14335,12015,9069,8223,8,22,9501,287,20,13,313623
15/10/2018 16:00,1173,2184,60882,1,33258,22716,1775,1464,1144,1046,0,0,1231,34,3,0,44241
15/10/2018 15:00,5343,16156,489126,8,178404,126208,12695,10275,9605,8161,44,38,7688,219,31,19,341706
15/10/2018 14:00,1698,5805,149541,6,90566,66655,4718,4039,2524,2276,0,3,3592,118,0,2,108265
15/10/2018 13:00,3757,10909,299696,15,128545,92657,8028,6537,7134,6012,2,96,4831,225,8,12,206734
15/10/2018 12:00,6226,21723,512963,15,196727,142597,15645,13357,12018,10663,1,13,10850,465,2,15,374904
15/10/2018 11:00,1216,4408,106040,5,72233,53770,3094,2788,2155,1941,0,0,2401,49,2,1,78433
15/10/2018 10:30,1606,4391,131817,7,85818,61596,2643,2187,2689,2511,0,2,1759,41,0,1,98255
15/10/2018 10:00,723,1476,54381,3,40927,28862,1062,872,905,783,0,1,722,29,1,1,38625
15/10/2018 09:30,744,1518,49594,1,31003,21354,1022,819,925,835,0,2,615,31,0,1,34852
15/10/2018 09:00,7306,22413,507572,16,146122,103959,16328,13335,13490,11715,4,18,11016,438,23,12,356453
15/10/2018 08:30,5397,17153,407041,13,127983,93038,14659,12222,8320,7546,0,3,10207,277,11,6,283176
15/10/2018 08:00,1652,3920,116901,4,59761,43098,2845,2267,2411,2099,1,1,1755,88,0,3,81575
15/10/2018 07:00,2749,9006,221034,13,92227,67548,7928,6838,3716,3279,1,4,5854,160,1,2,161460
15/10/2018 06:30,8897,32762,774136,22,223458,157654,32096,24511,16058,14640,1,12,22372,663,21,13,543791
15/10/2018 06:00,1079,2118,53804,3,24097,18122,1522,1200,1458,1225,0,0,902,32,0,1,38105
15/10/2018 05:45,1604,3555,108584,3,48395,35570,3221,2444,1985,1765,0,0,1971,69,1,0,76514
15/10/2018 05:30,1626,3726,107942,6,50693,37763,3346,2715,1821,1604,0,1,2214,57,2,0,76868
15/10/2018 05:30,8399,26916,587603,26,192291,138308,25547,21343,11938,10879,0,12,17922,652,4,13,413897
15/10/2018 05:15,7308,18247,505546,22,154387,104620,16125,12814,10175,8625,1,16,10387,446,2,2,334835
15/10/2018 05:00,3360,7342,210381,4,73095,51901,6627,5471,3597,3076,0,2,4247,159,0,0,142462
15/10/2018 05:00,1404,3678,98907,0,38931,28492,2959,2616,1818,1619,0,0,2064,48,1,0,72536
14/10/2018 23:30,2199,4626,151216,4,77188,54787,4036,3173,2530,2093,0,0,2527,84,0,0,108768
14/10/2018 23:00,1974,5600,142090,3,88718,66706,3813,3365,2883,2601,0,1,2798,87,2,4,104880
14/10/2018 22:30,1610,4251,119600,3,67603,48507,3459,2859,2011,1852,1,0,2349,81,1,3,83342
14/10/2018 22:00,1390,4704,133304,5,90932,68835,3378,2875,2490,2291,1,0,2481,61,2,3,97915
14/10/2018 21:00,1127,3010,107821,4,82044,59949,2156,1837,1606,1440,0,0,1512,39,1,0,76529
14/10/2018 20:00,1105,3618,127436,3,83384,61548,2809,2360,1905,1787,0,0,1857,48,2,0,92396
14/10/2018 19:00,2088,5710,194403,3,125902,86626,3530,2875,3728,3259,0,0,2220,62,0,2,132355
14/10/2018 18:00,2369,6228,191944,8,121655,86973,3868,3284,3772,3355,1,6,2578,67,16,6,138654
14/10/2018 17:30,3702,11299,294960,7,148599,112112,8291,7253,6154,5519,1,3,6024,152,2,8,212806
14/10/2018 17:00,3672,11558,341212,9,140079,102530,9901,7878,6416,5706,1,5,6624,277,3,2,237729
14/10/2018 16:00,1770,4332,148934,5,89155,61698,2881,2270,3002,2573,1,1,1698,43,25,4,99045
14/10/2018 15:17,1857,3477,67978,4,62448,44820,1077,966,3024,2745,0,1,892,47,0,1,48945
14/10/2018 15:00,788,1586,65010,3,49482,33876,1095,953,813,727,0,0,766,20,0,0,42529
14/10/2018 14:00,5325,16544,373185,10,148308,106892,14943,12782,7116,6531,1,10,10877,341,5,6,252925
14/10/2018 13:00,6482,21378,524933,16,175931,126237,15547,12952,11936,10761,6,13,10406,375,39,24,356770
14/10/2018 12:00,5571,23371,515609,13,154952,115425,20347,17892,10684,9514,3,10,14625,346,252,6,357987
14/10/2018 11:00,2823,6342,211884,10,128041,91758,3660,3010,4422,3860,0,2,2180,149,16,4,145172
14/10/2018 10:00,5807,19584,485845,16,155801,114528,16397,13603,10136,9008,2,3,11241,328,2,8,366054
14/10/2018 09:00,5286,15746,465944,20,162408,114629,11750,9737,9070,7803,2,25,7614,187,112,8,310243
14/10/2018 08:00,17922,76558,1680204,35,260656,187450,58852,48014,47794,39965,8,1366,37914,1652,12,116,1112171
14/10/2018 07:00,2745,7294,198752,6,92439,68964,5912,4764,3737,3192,1,2,3850,141,1,4,141693
14/10/2018 06:00,1670,4754,141739,6,66656,48099,3520,2908,2455,2261,0,5,2235,70,5,4,97012
14/10/2018 05:45,4097,12227,296256,4,123748,93765,10214,8374,6611,5915,0,1,7285,155,1,4,214664
14/10/2018 05:30,1021,1760,61874,3,37662,25945,1586,1273,834,726,0,0,1011,51,1,1,43188
14/10/2018 05:15,5884,17443,436171,16,128264,92349,15463,12449,9023,7913,1,6,10207,320,0,2,293682
14/10/2018 05:00,2003,4180,120025,5,50980,38163,3865,2976,1962,1730,1,0,2529,86,1,1,86806
13/10/2018 23:45,2006,4505,130312,7,70095,50147,3706,3054,2231,1938,0,4,2443,113,0,6,90202
13/10/2018 23:00,3192,8925,227511,10,118619,86435,7422,6297,4040,3732,0,3,5420,141,6,5,158632
13/10/2018 22:45,4597,14727,362751,9,143805,103428,11143,9761,7177,6390,0,9,8006,234,8,5,252210
13/10/2018 22:30,3961,9867,263756,6,124488,88057,8477,7360,4036,3583,1,3,6093,227,3,2,180802
13/10/2018 22:00,1673,4980,156836,5,81624,60077,3362,2884,3179,2851,0,2,2366,72,0,2,110542
13/10/2018 21:00,2099,6015,166316,6,84854,58895,3976,3360,3340,3126,0,3,2616,79,2,6,117362
13/10/2018 20:00,2027,5950,147937,4,88333,66532,5304,4616,2036,1775,0,1,4122,140,1,2,105880
13/10/2018 19:00,2467,6493,200572,3,95760,69198,4637,3821,3948,3370,0,3,2904,130,5,1,139928
13/10/2018 18:30,998,2480,81101,2,62268,45652,1857,1655,1298,1161,0,0,1385,33,0,0,57180
13/10/2018 18:00,5757,19727,505854,12,160271,118807,13656,11530,11336,10283,5,25,8749,264,38,26,346805
13/10/2018 17:00,4891,15763,428461,19,144661,109817,11154,9325,9629,8539,2,33,7673,163,12,11,293865
13/10/2018 16:00,1531,3873,125936,5,74092,52888,2557,2152,2495,2071,3,2,1619,39,0,0,87003
13/10/2018 15:00,7154,24522,633414,16,181067,130391,19258,15006,15382,13094,7,23,11834,731,11,15,434408
13/10/2018 14:00,1641,5014,140959,12,82471,60172,3666,3197,2443,2190,0,1,2686,81,0,2,99089
13/10/2018 13:00,3391,8256,265112,6,104255,71653,6729,5463,4348,3907,4,13,4306,129,8,6,184188
13/10/2018 12:00,2101,6276,157028,7,87350,64069,5003,4340,2929,2719,0,0,3551,118,1,2,115272
13/10/2018 11:00,1182,3063,86475,5,63052,47113,2211,1902,1609,1450,1,12,1541,38,1,5,61097
13/10/2018 10:00,948,2392,83294,1,47648,33958,2028,1626,1412,1127,0,0,1337,49,0,1,56680
13/10/2018 09:00,2357,6103,194566,3,97020,73252,4581,3583,3570,3178,0,2,2818,150,1,3,138379
13/10/2018 08:00,6840,23427,567653,14,143769,106374,18647,15663,11890,10828,20,47,12422,252,57,22,386505
13/10/2018 07:00,4053,13846,323374,14,119586,89147,12250,9923,6345,5683,2,5,8680,242,18,2,232432
13/10/2018 06:30,3471,10195,264203,10,102032,76500,8889,7179,5355,4754,1,0,5860,216,3,2,186215
13/10/2018 06:00,8558,25014,565139,16,150899,113567,22107,18605,10694,9447,2,19,16682,744,5,11,395093
13/10/2018 05:45,5409,14096,335952,11,139769,102298,12475,10254,6681,5902,3,7,9084,344,0,4,230432
13/10/2018 05:30,1882,3913,98635,4,42558,30229,3599,3023,1531,1396,0,1,2466,89,0,1,69444
13/10/2018 05:15,8618,19413,478978,21,147282,104339,15538,11867,12378,10425,0,8,9742,383,0,1,317979
13/10/2018 05:00,2678,5790,153636,5,65420,45864,5384,4283,2433,2175,0,1,3577,167,1,1,107108
12/10/2018 23:30,1865,3527,112516,7,62114,44958,2736,2079,2192,1956,0,0,1611,72,0,1,77310
12/10/2018 23:00,1245,3108,92490,2,56199,42607,2314,1995,1587,1424,0,1,1720,46,0,0,64484
12/10/2018 22:30,1064,2552,82532,3,48549,35713,1983,1646,1360,1232,0,2,1275,52,4,1,59094
12/10/2018 22:00,584,1162,49756,1,42145,31285,816,734,589,540,0,0,624,13,0,0,35979
12/10/2018 21:00,2310,6391,171344,4,92815,69438,4220,3538,3829,3466,1,1,2733,102,6,1,120823
12/10/2018 20:30,1200,3428,113515,4,47754,34348,2753,2267,1912,1675,0,1,1807,102,2,1,77726
12/10/2018 19:30,6391,20917,502288,15,150250,111807,17517,14423,11190,9829,1,6,12267,396,11,6,345395
12/10/2018 19:00,4616,13784,389097,10,132290,95243,10452,8726,7615,6737,4,9,6705,217,5,6,260296
12/10/2018 18:30,2304,5756,181373,6,81872,59652,4491,3726,2701,2418,1,5,2989,78,0,2,126897
12/10/2018 18:00,1152,2113,52470,3,29096,19736,1794,1503,956,895,0,0,1280,39,1,0,35504
12/10/2018 17:30,4173,10939,249245,6,102129,76346,8361,7109,4931,4514,1,7,6185,208,6,3,176926
12/10/2018 17:00,1031,2074,60918,3,37397,26077,1660,1349,1112,945,0,0,1133,48,0,0,44102
12/10/2018 15:00,3927,9379,241915,11,79928,55354,7214,6103,4769,4275,0,6,4894,121,15,1,166511
12/10/2018 14:00,1063,1630,51324,1,35933,24619,1072,934,975,834,0,0,759,29,0,1,36092
12/10/2018 13:00,1495,2803,83189,5,42145,28992,2403,1892,1421,1251,1,3,1581,77,0,2,58929
12/10/2018 12:00,1796,3789,109732,4,51188,35218,3087,2457,1946,1751,0,0,1971,89,0,1,75417
12/10/2018 11:30,6185,16575,397929,13,90307,60885,13517,11001,8454,7363,12,14,9060,306,46,10,269275
12/10/2018 11:00,5486,13130,313456,6,92082,63948,10693,8698,6867,6213,3,9,7243,201,32,12,220442
12/10/2018 10:30,9433,27563,649054,10,136292,94875,21367,16976,16944,14139,5,59,13934,911,9,35,438294
12/10/2018 10:00,2184,4357,115630,5,48578,32519,3532,2912,2211,1959,0,4,2327,93,0,3,79732
12/10/2018 09:00,8445,22489,561473,15,124101,87727,18263,14133,13167,11413,5,18,12007,400,20,15,372194
12/10/2018 08:30,2273,4478,129133,9,50436,35238,3551,2946,2488,2213,2,24,2366,56,0,5,88435
12/10/2018 08:00,1470,2827,70866,0,28117,19638,2604,2130,1130,1011,0,1,1804,43,3,0,49065
12/10/2018 07:30,4946,12980,303095,8,74421,51714,11129,9359,5818,5508,3,5,7437,241,16,4,207051
12/10/2018 07:00,1044,1993,57568,2,27322,18960,1634,1418,785,709,0,0,1138,24,0,0,39864
12/10/2018 06:30,5528,11666,305829,16,101485,70526,10449,8203,6293,5493,0,2,6715,340,5,3,195909
12/10/2018 06:00,9533,28300,716428,19,142599,100038,23630,18554,14823,12817,5,20,15420,801,40,14,473766
12/10/2018 05:45,10171,26433,589301,13,138475,96149,21182,17952,13758,11927,1,12,15278,809,2,9,401550
12/10/2018 05:30,5251,11796,304620,13,91047,64091,10070,7837,6778,5733,1,4,6505,172,0,3,211490
12/10/2018 05:01,2207,4173,114020,3,48461,34987,3824,3063,1822,1610,0,4,2622,73,0,0,80520
11/10/2018 23:00,1046,1593,47138,0,30773,21513,1323,1103,740,654,0,1,917,35,0,1,32098
11/10/2018 22:30,5431,14543,343026,7,84462,60053,13299,11006,6960,6242,1,10,9603,337,4,11,226296
11/10/2018 22:00,1384,2609,79649,3,40417,28333,2233,1835,1287,1108,1,1,1546,60,1,1,57225
11/10/2018 21:30,1897,3455,91912,2,44592,31346,2752,2328,1742,1524,1,2,1894,65,1,1,63086
11/10/2018 21:00,3081,6288,172909,5,62647,44015,5209,4374,2860,2605,0,4,3650,82,3,4,117607
11/10/2018 20:00,3996,8860,210603,4,72408,50405,7745,6427,4258,3827,0,2,5569,194,7,3,147870
11/10/2018 19:00,1119,2267,66306,4,32925,21826,1924,1664,1072,956,0,0,1475,41,0,1,45890
11/10/2018 18:30,3216,5129,128145,12,83764,58283,2611,2279,3942,3434,0,1,1845,83,13,3,88543
11/10/2018 18:00,1355,2079,73309,3,45497,31538,1323,1029,1558,1288,1,1,795,46,1,1,50034
11/10/2018 17:30,1890,8308,135947,3,43374,29450,6696,6129,3846,3439,0,2,5683,76,1,7,102388
11/10/2018 17:00,3402,7504,217182,7,74902,53275,6151,4859,4157,3555,1,8,4028,82,2,3,146640
11/10/2018 16:00,737,1127,39475,0,27878,18755,882,763,553,506,0,1,613,23,0,1,26624
11/10/2018 15:00,1744,2884,78052,2,44352,29637,2067,1753,1696,1474,0,5,1403,39,14,2,51485
11/10/2018 14:00,1808,3808,107382,4,45393,31950,2942,2427,1951,1789,1,3,2071,73,11,2,73955
11/10/2018 13:00,12710,39789,850435,13,171103,116110,32097,26129,23507,19704,5,32,22201,935,21,27,557557
11/10/2018 12:00,8635,31360,647895,12,115822,79655,25732,21103,17565,15247,0,5,18442,615,28,8,429899
11/10/2018 10:30,1990,3560,109242,2,51117,36145,2382,1961,2355,2063,1,3,1540,69,0,1,75583
11/10/2018 09:00,7347,18631,422887,6,103083,72102,14395,11679,10697,9235,2,7,9671,447,3,12,286557
11/10/2018 08:00,4399,10841,233856,5,66604,47992,10233,8413,4402,3920,0,8,7545,210,2,8,171130
11/10/2018 07:30,10067,29408,739070,22,141151,100475,23632,19164,18481,15177,5,83,15636,580,4,102,495462
11/10/2018 07:00,4694,12556,295884,7,70909,50916,12056,9490,5960,5365,1,3,7728,300,61,3,202706
11/10/2018 06:30,3045,6887,171510,1,58919,43193,6162,5208,2986,2753,0,9,4338,111,0,1,118541
11/10/2018 06:00,2164,4235,112977,5,45859,32474,3233,2689,2035,1867,0,1,2266,73,2,5,79972
11/10/2018 05:45,3527,7041,186617,5,74659,51427,5481,4505,4030,3618,1,3,3762,211,2,0,132339
11/10/2018 05:30,3028,5500,161601,2,71213,49815,4584,3732,2867,2470,0,0,2923,99,0,1,108277
11/10/2018 05:15,5881,12921,347626,9,106682,72734,10984,8432,7485,6561,0,5,7078,287,0,12,239051
11/10/2018 05:01,6101,16256,365559,9,90951,61460,14484,11845,8332,7159,2,7,9841,389,5,2,254925
10/10/2018 23:00,912,1485,47188,0,31595,21829,1164,1029,615,567,1,0,858,29,1,2,32171
10/10/2018 22:45,1166,1796,61667,0,37136,26019,1290,1071,1021,926,1,1,846,40,0,0,40936
10/10/2018 22:30,1454,3324,77754,2,35662,25666,2992,2474,1515,1320,0,1,2202,86,1,0,55428
10/10/2018 22:00,3560,7474,188044,6,69707,48340,6118,5194,3759,3329,0,1,4315,196,1,5,131274
10/10/2018 21:26,6980,17462,442569,9,108848,74172,13908,11348,10560,9241,37,146,8594,209,115,66,290547
10/10/2018 20:00,854,1591,50573,2,30041,20046,1272,1063,821,706,0,1,859,38,4,0,34135
10/10/2018 19:30,4505,10333,286507,9,86125,60173,7898,6368,5900,5189,9,58,5063,114,40,13,194129
10/10/2018 19:00,3072,6682,174956,5,69430,49259,4939,4061,3768,3269,0,4,3611,137,0,6,125316
10/10/2018 18:30,1634,2357,79810,3,55181,37908,1384,1173,1567,1364,0,0,1024,38,0,1,54893
10/10/2018 18:00,2118,4003,107296,2,51020,36117,3636,3117,1569,1378,2,3,2621,113,5,3,72591
10/10/2018 17:30,1643,2892,82526,1,48168,33140,1859,1533,1926,1632,0,4,1269,61,2,2,56715
10/10/2018 17:00,1406,2584,69416,2,33285,22875,2275,1887,1120,996,0,0,1588,73,3,2,48090
10/10/2018 16:30,486,674,32019,0,24786,16875,426,336,447,398,1,2,257,7,1,0,22000
10/10/2018 16:00,1575,2847,81459,0,39165,26208,2258,1875,1428,1295,0,2,1539,36,3,2,54442
10/10/2018 15:00,4816,11009,252228,1,70420,49290,9376,8031,5184,4655,1,5,6732,184,3,5,175193
10/10/2018 14:30,1177,1756,60100,2,41667,28862,1156,959,1128,998,0,1,795,53,4,0,42062
10/10/2018 14:00,2115,4946,148094,1,56454,37772,3973,3471,2413,2161,2,7,2679,91,0,3,98979
10/10/2018 13:00,7575,27596,559941,15,250235,186159,27654,23177,12774,11433,5,10,18896,543,109,4,365425
10/10/2018 12:00,8096,26124,588297,6,102832,74324,21692,18051,13332,11418,1,6,14752,626,35,12,393630
10/10/2018 11:30,12280,32500,714159,17,146548,101429,28988,23899,14813,12972,1,40,20513,1156,58,35,493744
10/10/2018 11:00,6766,20167,429005,8,90980,65367,15888,13481,10419,9604,2,24,11226,593,0,14,290012
10/10/2018 10:00,573,887,35684,0,24470,16445,622,504,540,470,0,0,430,19,1,2,24337
10/10/2018 09:30,1796,3636,94349,0,39152,26106,2813,2291,2089,1852,1,19,1787,50,8,3,63425
10/10/2018 09:00,3428,9169,209628,7,55216,38826,7931,6577,4352,3776,0,5,5665,427,11,8,142779
10/10/2018 08:30,11864,38721,850351,20,132249,94172,29887,23837,23707,20349,1,22,20123,923,34,22,584313
10/10/2018 08:00,707,1223,32167,0,22454,15196,964,852,523,469,0,3,679,22,0,0,21836
10/10/2018 07:30,6542,19204,436452,8,80853,55942,19187,15142,9311,8598,1,4,13065,551,37,7,292275
10/10/2018 07:00,1355,2570,70889,1,34340,23452,2559,1943,1398,1185,0,1,1533,59,1,0,48409
10/10/2018 06:30,4425,10355,239276,8,58897,41455,8684,7302,4899,4291,0,3,6030,171,5,5,165292
10/10/2018 06:00,1021,1801,46854,0,22265,15641,1427,1191,899,776,1,2,991,24,1,0,31857
10/10/2018 06:00,3624,8881,226510,7,70242,50251,7486,6161,4535,3927,0,5,4905,299,66,1,154640
10/10/2018 05:45,4560,10864,243801,9,73590,50901,9900,8407,5152,4425,0,6,7089,284,0,1,173427
10/10/2018 05:30,8411,23400,497972,11,96574,69242,21954,17390,11122,9523,3,13,15399,685,3,5,351577
10/10/2018 05:15,2976,5545,143886,11,67581,49877,4506,3412,3150,2601,0,3,2792,129,1,1,102701
10/10/2018 05:00,8913,22272,454690,13,111118,76861,21047,17463,9268,8258,0,11,15351,712,10,7,316877
09/10/2018 23:00,1085,1982,57346,2,31198,21885,1576,1299,1099,951,0,1,1080,30,2,2,39216
09/10/2018 22:30,3920,8710,214911,7,68424,49337,7249,6037,4315,3954,0,3,4977,175,3,3,149948
09/10/2018 22:00,932,1337,50205,2,38185,26178,1175,1019,524,470,1,0,861,18,0,0,33588
09/10/2018 21:00,1811,4061,87788,5,39143,27700,3637,3045,1570,1462,0,0,2748,77,0,4,63061
09/10/2018 20:00,1610,2780,79344,2,44023,30894,2127,1756,1543,1380,0,0,1392,46,1,1,54464
09/10/2018 19:01,4291,10085,260088,10,66217,45958,8027,6374,6102,5460,1,8,5173,153,4,14,182614
09/10/2018 18:00,4332,12027,288950,5,70340,49970,10469,8544,5984,5332,3,15,7103,313,12,20,193965
09/10/2018 17:01,2880,6004,146715,6,51215,36132,4881,4017,3064,2652,0,7,3298,147,0,1,101690
09/10/2018 16:00,1103,1728,54140,2,31468,21813,1404,1121,942,817,0,3,890,33,1,0,37166
09/10/2018 15:30,7968,23343,574169,13,111459,80085,18856,15606,13389,11823,0,10,12679,753,10,17,392129
09/10/2018 15:00,11175,39384,1065397,16,162834,110633,33484,26890,23577,20072,93,218,21381,547,229,71,675504
09/10/2018 14:00,3961,9804,245959,4,69580,50088,9142,7173,4874,4374,0,6,6146,243,1,4,172524
09/10/2018 13:00,640,892,34985,3,26881,18572,644,543,478,429,0,2,448,3,0,2,23922
09/10/2018 12:00,2202,5163,121606,0,46133,31564,4151,3350,2562,2307,1,2,2805,67,1,0,84629
09/10/2018 11:00,6513,16112,376360,11,99469,71264,12820,10464,8669,7770,3,45,8755,271,8,10,262677
09/10/2018 10:00,4391,10711,273689,8,69223,48980,9075,7641,5223,4694,2,11,6270,162,17,7,193228
09/10/2018 09:00,8572,33534,704304,18,107812,77411,27774,22927,18119,16233,2,17,20126,705,26,15,462804
09/10/2018 08:30,3304,7658,230199,9,76329,54639,6556,4848,4982,4165,4,20,3938,221,4,12,151469
09/10/2018 08:01,1679,2950,71091,7,32833,23786,2690,2288,1226,1081,0,1,1813,59,0,2,48140
09/10/2018 07:30,1668,3094,90027,2,42129,30422,2469,2055,1510,1355,0,1,1608,45,3,1,63439
09/10/2018 07:00,2494,6182,181478,8,55058,40622,4682,3808,3604,3103,1,26,2962,123,0,6,125413
09/10/2018 06:30,9245,32121,649267,13,110252,77073,31422,24618,16625,14517,2,15,21616,858,4,24,441793
09/10/2018 06:00,1597,3370,93438,2,33707,24394,2658,2155,1775,1516,0,2,1714,69,1,0,64877
09/10/2018 05:45,1628,3391,82783,5,32154,22114,3348,2765,1275,1122,0,0,2355,115,0,0,57783
09/10/2018 05:30,2591,5454,128348,8,49972,34628,4933,4165,2384,2149,0,1,3275,142,3,0,85872
09/10/2018 05:15,6297,17258,366899,21,97890,68944,14799,12540,8511,7073,1,10,11207,283,2,15,253333
09/10/2018 05:00,2933,6423,163807,7,58264,42314,5647,4655,3036,2648,1,1,3762,104,1,2,118386
08/10/2018 23:00,1026,1982,60592,3,30854,22001,1537,1245,1150,1033,0,0,991,64,0,0,42376
08/10/2018 22:30,5412,11633,287829,7,83328,60183,10372,8176,6226,5503,2,6,7008,303,3,17,196584
08/10/2018 22:00,1370,2780,83083,2,37663,26521,2268,1808,1564,1360,1,1,1442,58,0,1,57499
08/10/2018 21:00,699,983,38192,1,28875,20593,748,616,490,449,0,1,493,16,0,1,26749
08/10/2018 20:30,6585,19987,414564,12,90973,64706,17218,14118,10023,8653,1,3,12131,325,6,5,287992
08/10/2018 20:00,14197,40991,748864,27,155763,109535,28582,25222,23431,20312,4,48,21419,1130,2,42,515474
08/10/2018 19:30,1221,2025,63533,2,37781,27510,1430,1203,1090,995,0,0,931,47,2,0,45718
08/10/2018 19:00,2335,4588,127706,2,52579,38572,3462,2847,2473,2196,0,1,2296,75,0,0,91120
08/10/2018 18:30,5572,13886,381037,11,107263,76102,11655,9114,8805,7624,2,11,7330,340,3,6,248980
08/10/2018 18:00,1495,2855,86114,4,41944,30311,2566,2107,1323,1191,0,0,1715,72,0,1,59795
08/10/2018 17:02,5466,13634,314122,8,83824,60052,12419,9927,6368,5597,2,6,8568,319,1,4,220368
08/10/2018 16:00,963,1380,51934,2,34522,25071,925,738,875,801,0,3,564,12,4,3,35667
08/10/2018 15:00,3289,7140,185910,5,68692,51615,5903,4616,3900,3319,0,3,3968,153,7,3,133527
08/10/2018 14:01,5500,13344,308994,10,83178,60442,11618,9520,6749,5841,2,3,8090,295,2,2,218001
08/10/2018 13:01,756,1184,45665,2,33991,24090,672,563,820,737,0,1,442,23,1,1,32642
08/10/2018 12:00,1993,4188,108443,2,42761,31811,3421,2851,1976,1723,0,2,2368,60,0,1,75826
08/10/2018 11:00,14516,51017,1187598,19,175914,125105,43887,34901,28659,23955,17,73,30023,1561,34,51,765254
08/10/2018 10:00,2141,4827,124733,5,48139,34032,4774,3732,2164,1951,0,1,3139,103,0,5,86817
08/10/2018 09:00,1648,2912,76553,2,41160,30602,2053,1704,1654,1510,1,0,1390,44,5,5,55943
08/10/2018 08:00,817,1623,45255,2,25397,18007,1318,1091,817,728,0,0,927,40,0,1,31989
08/10/2018 07:30,1961,3996,128766,7,54041,39139,3700,2880,2170,1842,0,2,2395,73,0,0,90180
08/10/2018 07:00,8981,25349,580896,23,126447,92380,20051,17215,13296,11392,7,209,14432,492,7,32,406062
08/10/2018 06:30,826,1299,37471,3,22200,15493,1173,980,521,459,0,0,788,67,1,0,25729
08/10/2018 06:00,10000,35561,719520,20,119293,85701,26661,22363,20541,17523,4,31,18387,773,21,25,478340
08/10/2018 05:45,7783,20023,464623,16,110377,79245,18727,15280,9934,8299,2,3,12694,713,1,5,328607
08/10/2018 05:30,6011,13306,363642,6,99161,72443,11556,8835,7535,6428,0,7,7205,281,0,1,252072
08/10/2018 05:15,2149,4142,111893,5,45905,33339,3663,3058,1839,1639,0,3,2477,69,1,3,78365
08/10/2018 05:00,5237,12118,286039,9,76966,55403,11316,8802,6445,5546,0,2,7520,248,2,3,205081
07/10/2018 23:30,737,1198,37244,4,23420,16272,921,762,614,555,0,0,563,19,0,1,25874
07/10/2018 23:00,1053,1528,49410,3,33596,23508,1154,972,761,697,1,0,822,26,0,0,34029
07/10/2018 22:45,2659,4734,104954,7,61168,43343,2356,2130,3233,2908,0,3,1811,52,0,5,72815
07/10/2018 22:30,1232,2187,68230,3,36427,25162,1648,1422,1022,966,0,2,1137,42,0,2,47366
07/10/2018 22:00,1912,3299,89195,10,44492,31358,2946,2431,1475,1331,0,0,2057,56,2,1,61845
07/10/2018 21:30,1114,1657,49414,3,32069,22849,1331,1138,733,676,0,1,893,30,0,1,35633
07/10/2018 20:30,1900,3566,105389,5,59542,42862,2260,1880,2339,2044,0,1,1586,78,2,2,75430
07/10/2018 20:00,5411,14462,319241,8,90158,64275,12150,9969,7676,6857,2,6,8418,375,43,10,223047
07/10/2018 19:30,4075,8407,219620,12,91794,67399,6095,4859,5061,4478,3,41,4043,172,5,15,153607
07/10/2018 19:00,1074,1842,52671,3,35803,25534,1534,1309,839,753,0,1,1203,17,0,0,37002
07/10/2018 18:30,6999,19345,417057,17,130711,92208,14126,12023,10504,9168,7,31,10005,305,27,24,273980
07/10/2018 17:30,2017,3672,102013,4,50908,36357,2882,2424,1894,1634,0,2,1970,71,3,3,74424
07/10/2018 17:00,2988,7084,151062,6,56089,39390,6389,5529,3056,2685,1,3,4631,162,0,0,105910
07/10/2018 16:30,6569,21823,510869,16,118027,85135,17556,13825,13117,11434,1,20,11607,634,2,25,355996
07/10/2018 16:00,628,875,38037,4,31114,22107,737,497,453,412,0,4,410,28,2,0,26938
07/10/2018 15:30,1961,3103,86852,7,53385,38157,2042,1723,1796,1648,3,10,1369,58,2,7,61638
07/10/2018 15:00,1723,2888,83737,5,50340,37105,1894,1567,1812,1641,0,1,1209,54,3,3,59519
07/10/2018 13:00,1565,3240,90321,4,43163,31215,2597,2110,1718,1456,1,5,1903,53,0,1,61729
07/10/2018 13:00,1196,2006,67995,2,38260,26678,1428,1150,1164,1043,1,0,959,27,0,5,47677
07/10/2018 11:00,7053,19877,463543,14,106048,75197,16465,13090,10659,9180,4,11,11241,444,19,6,313213
07/10/2018 10:00,10033,40709,735556,20,136232,95535,30373,27577,20120,17057,1,34,24177,1789,50,110,519615
07/10/2018 09:30,4991,11745,297191,14,100638,73331,9832,7974,6632,5642,2,16,6352,536,1,8,209357
07/10/2018 08:00,6645,17392,440756,19,107512,75416,15251,12722,8081,7086,5,9,10314,518,109,6,289332
07/10/2018 07:00,527,797,29545,1,21612,14730,621,530,380,338,0,0,440,15,0,1,19795
07/10/2018 06:30,1756,3726,96366,6,36982,26211,3414,2630,1938,1698,0,0,2246,148,5,2,66520
07/10/2018 06:00,5410,13610,345086,12,84440,60907,11113,8941,7458,6390,0,56,7435,185,20,18,226323
07/10/2018 05:45,3961,9061,229587,17,76225,54127,8254,6575,4323,3954,1,3,5448,218,0,0,154793
07/10/2018 05:30,3269,7125,171575,14,62829,44027,7083,5959,2598,2411,0,5,5226,261,2,1,118670
07/10/2018 05:15,8623,20820,434181,28,126926,89637,18000,14924,9524,8448,1,9,12944,712,2,32,291523
07/10/2018 05:00,3360,7030,194100,8,71277,50394,6249,5200,3201,2827,0,5,4151,166,0,1,133515
06/10/2018 23:00,4105,9044,219546,13,75277,54706,7161,5917,4637,4275,0,4,4698,202,0,2,152628
06/10/2018 22:45,1212,1682,63267,7,45661,32330,1082,886,1033,923,6,54,644,14,1,3,43807
06/10/2018 22:30,1803,3264,81596,7,42583,29431,2999,2507,1314,1140,1,0,2095,86,7,0,54794
06/10/2018 22:00,1606,2925,70314,5,42514,28896,2617,2291,1003,918,0,12,2098,97,0,5,47220
06/10/2018 21:30,2900,7554,172444,11,56110,39336,6558,5783,3099,2741,0,7,5042,244,2,3,114338
06/10/2018 21:00,5741,14916,372130,12,92353,66780,11212,8856,9384,8401,4,2,7233,320,8,6,257556
06/10/2018 20:00,2627,12597,196708,5,54052,36476,10480,9872,4885,4203,0,2,8499,134,3,13,140929
06/10/2018 19:30,6362,15285,358136,13,99536,70454,12076,10123,8420,7327,0,8,8242,337,35,3,237354
06/10/2018 19:00,2511,4714,125544,9,57142,39776,4141,3397,2265,1985,0,4,2959,108,0,3,83076
06/10/2018 18:30,5770,17530,430672,13,93209,68439,14880,11935,9184,8069,2,231,9985,295,1,18,299870
06/10/2018 18:00,2055,4541,114426,7,48416,34769,3911,3221,2091,1951,0,1,2769,72,0,1,79402
06/10/2018 17:00,1565,2545,67878,3,40722,28718,2048,1820,1068,961,0,1,1493,51,0,3,47256
06/10/2018 16:30,1539,2152,65855,6,46828,33561,1173,988,1459,1322,0,3,781,10,16,1,46546
06/10/2018 16:00,1595,2843,91175,2,49290,34091,2082,1634,1638,1518,0,0,1272,66,2,3,61809
06/10/2018 15:30,2511,5626,129959,3,54051,39854,3936,3299,3211,2835,0,4,2838,129,0,1,88447
06/10/2018 15:00,4196,9602,262793,8,78810,58350,7879,6518,5121,4315,4,13,5266,135,49,6,177953
06/10/2018 14:00,7407,16449,445778,16,122027,87754,12772,10537,9190,8163,30,36,8206,219,252,39,295265
06/10/2018 13:30,4399,9793,292881,12,108735,79698,8208,6906,5005,4003,1,124,5746,226,1,9,197967
06/10/2018 13:00,1664,3085,85851,5,40868,28223,2610,2249,1297,1161,0,1,1817,42,0,1,58905
06/10/2018 12:00,1905,4097,117212,9,46860,33242,3100,2594,2331,2038,1,1,2097,68,1,4,79693
06/10/2018 11:00,5290,16303,302557,12,62042,43788,15385,12675,5830,5503,0,10,12114,336,1,5,202967
06/10/2018 10:00,7987,23649,549087,21,105099,75170,19499,15767,12386,10822,0,61,13145,597,3,10,362269
06/10/2018 09:00,1036,1912,53326,7,29128,21310,1348,1178,1038,931,0,0,986,33,0,2,38424
06/10/2018 08:01,4188,9029,242681,7,80063,58219,7144,5769,4833,4173,0,9,4582,164,7,5,160263
06/10/2018 07:00,1735,4443,102536,6,35005,25042,4045,3304,2080,1818,1,0,2975,102,1,5,73487
06/10/2018 06:37,4764,10317,227561,10,68397,47785,9400,7992,3972,3434,0,2,6729,225,1,4,155306
06/10/2018 06:37,767,1267,39025,2,23182,16424,1154,979,445,400,0,0,811,42,0,1,27072
06/10/2018 05:45,1673,2954,84093,9,36077,26006,2466,2038,1492,1282,0,1,1667,53,0,1,59492
06/10/2018 05:30,4848,10427,277898,11,89012,63074,8492,6642,6010,5348,0,1,5257,173,1,3,188404
06/10/2018 05:15,3515,8778,193662,13,70520,50582,7822,6658,3798,3376,0,12,5658,325,1,21,141617
06/10/2018 05:00,4460,8690,219665,11,77187,56733,7969,6415,4124,3684,2,2,5341,281,0,1,155809
05/10/2018 23:30,2942,6053,169176,9,63294,46019,5055,3975,3649,3076,0,3,3072,91,1,1,118396
05/10/2018 23:00,950,1410,44809,5,30184,21212,1172,1031,577,522,0,0,864,17,0,0,30243
05/10/2018 22:30,3154,8812,195057,3,53962,37800,7840,6846,3621,3329,0,3,5669,164,0,7,132684
05/10/2018 22:00,3370,7658,159798,5,63931,44444,5961,5322,3823,3314,1,3,4470,122,2,8,111377
05/10/2018 21:36,3589,4211,80296,9,70834,52558,945,838,4270,3560,1,1,723,45,1,3,58137
05/10/2018 21:00,863,1388,52764,2,30606,20748,1064,873,748,668,0,0,692,25,2,0,35579
05/10/2018 20:00,1452,2556,79517,3,44485,31082,1448,1191,1842,1569,0,4,950,39,1,2,54891
05/10/2018 19:30,1337,2392,66914,2,35021,23955,2148,1768,1044,955,0,0,1523,49,1,1,45948
05/10/2018 19:00,3006,5920,158137,6,63449,44493,4677,3873,2929,2630,0,1,3160,96,1,2,108692
05/10/2018 18:30,3001,7529,181849,7,60058,43506,5899,4795,4008,3466,1,61,4066,106,5,13,125613
05/10/2018 18:14,500,534,3690,3,3390,2884,43,40,582,506,0,1,39,3,0,0,3063
05/10/2018 18:11,1074,1115,6867,8,6630,5441,296,283,967,881,0,0,260,13,0,0,5598
05/10/2018 18:00,867,1398,39302,1,22940,15380,1190,998,593,527,0,0,841,19,0,1,27047
05/10/2018 17:30,6756,17324,438190,14,108059,77610,14653,12025,8714,7506,14,32,9796,258,54,24,297829
05/10/2018 17:00,929,1775,57521,3,32859,23047,1453,1212,874,776,0,0,1011,34,2,3,40975
05/10/2018 15:00,3032,7696,165914,9,48304,34482,6650,5639,3651,3397,1,2,4462,206,8,4,115547
05/10/2018 14:00,2815,6250,138007,7,52206,37872,5364,4645,2388,2132,1,4,3873,106,1,3,98586
05/10/2018 13:00,1107,1890,61977,2,36625,25986,1298,1085,1027,940,0,0,805,20,8,1,43892
05/10/2018 12:00,21418,87181,1839067,67,182876,127704,68819,55798,49982,43187,31,1725,46773,1729,99,133,1187774
05/10/2018 11:00,4551,15159,313509,8,72900,51566,13062,10162,9760,8474,0,4,8461,201,2,3,209074
05/10/2018 10:00,6869,18375,451973,14,104722,76368,15090,12081,9818,8594,3,29,10057,375,9,8,301897
05/10/2018 08:00,1008,2196,62726,4,26717,18428,1765,1458,1162,1019,0,1,1185,51,0,3,44016
05/10/2018 07:30,1578,2749,74711,5,38897,27721,1864,1586,1652,1458,0,0,1231,47,1,3,53161
05/10/2018 07:00,3397,7409,185235,5,67244,48663,7035,5892,3203,2831,0,3,4687,180,0,1,126257
05/10/2018 06:00,1499,2366,64818,5,39183,28862,2094,1765,1041,895,0,2,1404,58,47,1,47031
05/10/2018 05:45,6433,15871,389244,27,86399,62087,13379,10928,8096,7279,1,4,9126,429,0,2,276682
05/10/2018 05:30,2434,4913,127291,6,46200,33394,4280,3578,2341,2074,0,1,2876,85,2,1,86663
05/10/2018 05:15,3412,7308,179976,10,66504,48133,6132,4724,3426,3023,0,8,4009,188,1,1,126702
05/10/2018 05:00,5886,14729,299779,14,73584,52728,13827,11402,5974,5310,0,8,9828,333,0,4,204213
04/10/2018 23:00,2184,4399,112455,2,49697,34875,3875,3187,2005,1746,0,1,2733,105,0,1,78188
04/10/2018 22:30,1943,3488,97619,2,46667,32836,2948,2487,1660,1426,0,1,1905,71,0,0,67613
04/10/2018 21:30,1897,3221,84533,6,43913,30137,2476,2161,1501,1382,0,2,1745,39,0,0,57180
04/10/2018 21:00,866,1292,43932,2,33116,23173,889,801,642,603,0,1,622,26,3,2,29842
04/10/2018 20:30,953,1499,57138,3,37553,26282,1096,909,824,750,0,1,717,20,0,3,38356
04/10/2018 20:00,1659,7296,128222,3,23543,17172,5568,5121,3572,3197,0,3,4600,114,4,4,94095
04/10/2018 19:00,5873,12748,343372,13,98248,70691,9746,7768,8204,7017,0,52,6145,286,2,14,236403
04/10/2018 18:00,3299,7042,174052,9,78743,57081,5175,4267,4121,3690,2,12,3636,144,13,5,120786
04/10/2018 17:30,1083,1657,47186,4,33377,23341,898,736,1135,1033,0,0,586,28,5,0,32934
04/10/2018 17:00,2038,4655,138953,3,46782,33472,4094,3264,2382,2057,0,0,2656,113,0,0,95929
04/10/2018 16:00,1145,1985,61259,2,32647,22362,1777,1426,886,795,0,2,1216,37,0,0,40984
04/10/2018 15:00,2946,5379,133522,12,61922,43718,4023,3428,2884,2408,1,3,2686,101,1,3,94956
04/10/2018 14:30,5612,13992,377134,10,97670,72771,10762,9029,7472,6983,6,29,6929,202,17,20,255859
04/10/2018 14:00,2172,4496,106419,3,40181,28385,4170,3391,1878,1648,0,3,2932,89,0,2,74222
04/10/2018 13:00,2867,5960,158321,10,63765,46605,4863,4068,2762,2480,0,4,3246,133,0,2,110319
04/10/2018 12:00,3010,8059,175785,4,48237,33850,7338,6201,3842,3365,0,1,5395,144,0,0,120633
04/10/2018 11:00,1357,2282,70693,5,43228,30727,1550,1335,1395,1238,1,13,1018,41,2,4,49919
04/10/2018 10:00,7405,20001,443847,10,100054,72449,15967,12669,11167,9706,4,12,10979,408,8,20,307391
04/10/2018 09:00,6827,18484,419452,15,103303,76438,15707,12872,9470,8063,0,33,10811,290,126,22,283025
04/10/2018 08:00,2542,5815,137672,5,49629,34758,5057,3968,2935,2535,0,1,3488,107,0,1,92896
04/10/2018 07:30,4714,11101,281088,7,92689,66856,8913,7687,5487,4734,2,157,5921,241,3,7,192493
04/10/2018 07:00,1003,2135,49837,3,23362,16225,1623,1392,1077,956,0,0,1163,30,0,0,34540
04/10/2018 06:30,8044,22625,425422,15,87498,64351,20452,17141,10160,8894,1,7,14892,614,7,8,287214
04/10/2018 06:00,1198,2207,55638,2,24369,17109,1898,1584,993,926,0,22,1249,46,0,1,39483
04/10/2018 05:45,3982,8974,213248,7,77446,55917,7436,6509,4263,3764,1,3,5435,139,0,2,148370
04/10/2018 05:30,3309,8100,169565,7,46716,33397,7267,6210,3226,2776,0,2,5169,208,2,1,116750
04/10/2018 05:15,4588,13310,265203,9,77399,54589,11853,9813,6310,5493,0,7,8584,255,2,14,186172
04/10/2018 05:00,3192,6352,152677,8,52725,37091,6144,4991,2951,2494,0,4,3954,187,1,2,109741
03/10/2018 23:00,1604,3309,86257,3,36544,25390,2911,2304,1885,1617,0,0,1946,79,1,0,58461
03/10/2018 22:30,1138,2107,63445,4,32468,21978,1664,1384,1224,1073,0,1,1113,37,1,1,42820
03/10/2018 22:00,835,1491,50613,2,28790,19516,1215,1018,732,686,0,0,843,19,0,1,35568
03/10/2018 21:00,687,1036,30863,2,20491,14038,917,738,477,433,1,0,621,35,1,2,20499
03/10/2018 20:30,4859,11560,242162,12,79111,53875,7949,6746,6720,6096,0,6,5603,217,2,8,165986
03/10/2018 19:30,3284,8705,206525,7,65292,46171,5812,4816,5737,5244,1,4,3903,153,2,2,141238
03/10/2018 19:00,2249,5354,129145,7,43520,30306,4488,3636,2486,2234,1,68,2969,152,0,4,90412
03/10/2018 18:00,716,1209,38373,0,26916,18736,842,678,736,672,0,0,547,30,3,1,27025
03/10/2018 17:30,4003,8523,201248,7,76018,53516,7020,5724,4587,3975,2,14,4865,230,6,6,139845
03/10/2018 17:00,7167,24106,538295,15,118405,87406,18238,15395,13716,11826,4,73,13128,351,10,17,368114
03/10/2018 16:30,5884,15761,392485,15,93621,66758,12781,10357,8170,7367,4,15,8297,254,10,11,270759
03/10/2018 16:00,931,2063,53654,5,37427,26928,1637,1442,1035,890,0,1,1223,45,3,1,38008
03/10/2018 15:00,835,1372,47517,3,30110,21213,1072,898,652,607,0,0,712,24,5,1,32036
03/10/2018 14:30,11818,35780,761347,27,150604,106565,31540,25852,17729,15108,12,111,22708,844,23,34,501455
03/10/2018 14:00,1053,2027,51683,3,31197,22541,1686,1390,1033,923,0,0,1187,43,0,0,35889
03/10/2018 13:00,7429,23225,506277,16,112982,85352,17930,15484,12640,10529,4,31,12593,544,11,24,341321
03/10/2018 13:00,809,1704,53022,2,31360,22168,1422,1203,851,743,0,3,1027,24,4,3,37444
03/10/2018 12:00,1499,2867,76631,4,41596,30838,1997,1751,1502,1301,1,1,1443,22,0,2,54265
03/10/2018 11:00,11205,44193,980700,26,141261,103687,35430,28416,27406,22957,26,128,23290,768,134,73,637924
03/10/2018 10:00,573,980,30963,0,20665,14712,770,653,478,433,0,0,500,20,0,1,21355
03/10/2018 09:30,3340,8211,208158,9,65842,47229,6633,5556,4387,4003,2,44,4484,161,2,7,142736
03/10/2018 09:00,4299,11515,277000,13,82834,58915,8312,6799,7106,6211,2,11,5406,186,7,9,196614
03/10/2018 08:30,5233,14699,321804,14,76905,55088,13182,10439,7268,6376,1,3,8705,395,4,6,217824
03/10/2018 08:00,2379,5312,143018,8,52829,37503,4385,3566,2611,2298,4,36,2747,90,5,10,101071
03/10/2018 07:30,767,1382,42569,1,22501,16287,1073,870,679,608,0,7,663,16,0,0,30425
03/10/2018 07:00,10134,42941,936427,19,126637,91530,32740,27638,23100,19747,6,94,22917,688,8,44,623764
03/10/2018 06:30,4017,11944,262590,10,70784,51279,10098,8292,6247,5570,0,4,6981,270,12,0,186501
03/10/2018 06:00,1307,2827,74929,6,34893,24754,2407,1974,1286,1127,0,3,1717,41,0,0,52977
03/10/2018 05:45,7238,21117,448532,14,107619,77721,19242,15758,11601,9702,1,8,13163,500,6,6,311989
03/10/2018 05:30,1220,2494,66642,5,25338,18069,2310,1835,1271,1064,0,1,1447,57,0,0,46413
02/10/2018 23:00,1539,3094,83999,4,45968,33615,2272,1967,1519,1362,0,0,1637,46,0,2,59933
02/10/2018 21:01,2623,6429,134618,5,51677,36756,5186,4251,2821,2601,0,2,3898,95,2,4,95932
02/10/2018 19:00,575,895,32199,1,26513,18680,747,634,367,341,0,0,566,9,0,1,22525
02/10/2018 16:00,6295,16542,404263,6,116517,83866,13302,10497,9427,8015,0,14,8763,364,8,3,274118
02/10/2018 05:30,1711,3255,93475,4,40683,29170,2600,2082,1707,1524,0,3,1580,50,0,2,65171
02/10/2018 05:15,3887,9477,228501,6,70256,50517,7242,5901,6107,5159,0,5,4718,148,0,1,163863
01/10/2018 11:30,1068,1887,58241,1,32603,24165,1461,1236,904,817,0,1,952,46,3,1,41653
01/10/2018 05:15,3201,6370,171185,9,58411,42800,5824,4775,2990,2609,3,1,3805,116,2,0,123160
30/09/2018 22:45,3067,6545,154024,6,55070,40476,5713,4714,3004,2768,1,4,3968,143,1,4,109110
30/09/2018 14:00,2243,4754,125233,5,53563,40989,4043,3197,2430,2130,1,2,2625,163,0,3,87005
29/09/2018 17:00,749,1214,36842,4,29749,21053,748,647,793,693,0,5,570,8,0,0,26890
29/09/2018 08:00,766,1200,44263,4,32337,23943,867,721,651,577,0,1,557,14,0,3,32334
29/09/2018 05:45,3821,9058,203298,5,69534,50919,8300,6857,4144,3690,1,2,5894,229,0,2,144257
28/09/2018 22:00,1152,2946,81038,2,28404,19383,2417,1961,1533,1357,0,1,1791,32,0,0,56920
28/09/2018 21:30,6209,14053,344974,12,94687,70422,10838,8534,8743,7665,2,15,6955,184,5,13,241697
28/09/2018 12:00,2101,4142,114116,3,49445,35791,3442,2835,1876,1688,0,1,2305,65,1,3,77192
27/09/2018 14:00,1240,2707,75215,1,35177,26052,2222,1760,1500,1279,0,0,1460,63,0,0,53271
26/09/2018 05:45,1977,3893,99740,2,45236,30752,3697,2984,1469,1295,0,3,2593,83,0,2,69005
25/09/2018 22:00,1698,2776,81823,5,44994,30018,2301,1820,1505,1303,0,0,1433,42,0,0,54676
25/09/2018 18:30,763,1194,40665,2,27214,18933,1009,837,555,499,0,0,674,24,0,1,28182
25/09/2018 16:00,1474,2204,68013,7,48992,34196,1286,1138,1428,1260,1,4,895,47,1,55,47373
25/09/2018 12:00,5289,11580,272834,3,76025,55341,10972,8841,5199,4307,2,27,7587,369,11,13,191343
24/09/2018 14:00,1324,2591,63147,3,31131,22400,2297,1885,1312,1085,0,0,1603,56,2,1,43890
24/09/2018 12:00,750,1247,40648,1,27145,19046,1035,847,617,559,1,0,661,28,2,0,27850
24/09/2018 09:00,5218,16269,373718,11,86543,62111,10561,8484,10805,9607,3,24,7013,242,66,45,264844
23/09/2018 18:00,788,1303,37988,1,22050,14978,1075,825,717,635,0,1,707,29,0,2,25719
23/09/2018 11:00,4684,11121,274537,9,75090,53819,9993,8103,5066,4487,1,4,6621,249,3,3,186350
22/09/2018 21:00,4478,12537,288450,5,75195,54583,11621,9359,6097,5305,1,6,7989,226,1,8,199523
22/09/2018 05:45,1489,2984,78320,4,33002,24143,2655,2113,1465,1232,0,1,1726,82,1,1,54791
21/09/2018 23:00,3996,12321,259063,5,67804,47632,11233,9341,5382,4980,0,4,7956,200,1,7,170682
21/09/2018 22:30,1639,2757,75676,6,40928,29099,2307,1892,1377,1193,0,1,1515,80,0,1,54435
21/09/2018 20:00,7049,16886,406029,15,114150,85022,13989,10614,10276,8752,1,23,8740,469,2,10,280329
21/09/2018 19:00,4848,12233,257410,9,62816,45206,11057,8908,4831,4365,1,134,7516,314,0,5,173809
20/09/2018 23:00,1424,3225,80016,2,32767,22727,3011,2389,1469,1312,0,0,2114,48,0,0,56179
20/09/2018 22:30,3050,7177,149767,6,54666,38543,6389,5521,2914,2552,2,2,4592,145,3,1,102054
20/09/2018 18:00,3264,10975,208954,6,56216,39402,9605,8178,4930,4391,0,10,7208,146,3,6,148667
