Date,NewLikes,DailyPostsReach,WeeklyPostShares,DalyPostShares,DailyPageActions,DailyPostsImpression,CountryCode,NumberOfFans
2018-09-19 00:00:00.000,1806,1779295,545446,120747,50,6363587,AO,5609
2018-09-19 00:00:00.000,1806,1779295,545446,120747,50,6363587,BE,9856
2018-09-19 00:00:00.000,1806,1779295,545446,120747,50,6363587,BF,41371
2018-09-19 00:00:00.000,1806,1779295,545446,120747,50,6363587,BI,3037
2018-09-19 00:00:00.000,1806,1779295,545446,120747,50,6363587,BJ,12917
2018-09-19 00:00:00.000,1806,1779295,545446,120747,50,6363587,CA,10098
2018-09-19 00:00:00.000,1806,1779295,545446,120747,50,6363587,CD,47524
2018-09-19 00:00:00.000,1806,1779295,545446,120747,50,6363587,CF,4617
2018-09-19 00:00:00.000,1806,1779295,545446,120747,50,6363587,CG,17707
2018-09-19 00:00:00.000,1806,1779295,545446,120747,50,6363587,CH,1627
2018-09-19 00:00:00.000,1806,1779295,545446,120747,50,6363587,CI,106846
2018-09-19 00:00:00.000,1806,1779295,545446,120747,50,6363587,CM,97535
2018-09-19 00:00:00.000,1806,1779295,545446,120747,50,6363587,CN,1471
2018-09-19 00:00:00.000,1806,1779295,545446,120747,50,6363587,DE,3041
2018-09-19 00:00:00.000,1806,1779295,545446,120747,50,6363587,DJ,3184
2018-09-19 00:00:00.000,1806,1779295,545446,120747,50,6363587,DZ,37900
2018-09-19 00:00:00.000,1806,1779295,545446,120747,50,6363587,ES,2414
2018-09-19 00:00:00.000,1806,1779295,545446,120747,50,6363587,FR,69876
2018-09-19 00:00:00.000,1806,1779295,545446,120747,50,6363587,GA,22770
2018-09-19 00:00:00.000,1806,1779295,545446,120747,50,6363587,GB,1896
2018-09-19 00:00:00.000,1806,1779295,545446,120747,50,6363587,GF,1631
2018-09-19 00:00:00.000,1806,1779295,545446,120747,50,6363587,GH,2221
2018-09-19 00:00:00.000,1806,1779295,545446,120747,50,6363587,GN,34873
2018-09-19 00:00:00.000,1806,1779295,545446,120747,50,6363587,GP,5218
2018-09-19 00:00:00.000,1806,1779295,545446,120747,50,6363587,HT,21921
2018-09-19 00:00:00.000,1806,1779295,545446,120747,50,6363587,IT,6554
2018-09-19 00:00:00.000,1806,1779295,545446,120747,50,6363587,KM,4606
2018-09-19 00:00:00.000,1806,1779295,545446,120747,50,6363587,MA,12027
2018-09-19 00:00:00.000,1806,1779295,545446,120747,50,6363587,MG,70417
2018-09-19 00:00:00.000,1806,1779295,545446,120747,50,6363587,ML,39036
2018-09-19 00:00:00.000,1806,1779295,545446,120747,50,6363587,MQ,5282
2018-09-19 00:00:00.000,1806,1779295,545446,120747,50,6363587,MR,3877
2018-09-19 00:00:00.000,1806,1779295,545446,120747,50,6363587,MU,23323
2018-09-19 00:00:00.000,1806,1779295,545446,120747,50,6363587,NC,4834
2018-09-19 00:00:00.000,1806,1779295,545446,120747,50,6363587,NE,9963
2018-09-19 00:00:00.000,1806,1779295,545446,120747,50,6363587,PF,4965
2018-09-19 00:00:00.000,1806,1779295,545446,120747,50,6363587,RE,20403
2018-09-19 00:00:00.000,1806,1779295,545446,120747,50,6363587,RW,1510
2018-09-19 00:00:00.000,1806,1779295,545446,120747,50,6363587,SN,80486
2018-09-19 00:00:00.000,1806,1779295,545446,120747,50,6363587,TD,3181
2018-09-19 00:00:00.000,1806,1779295,545446,120747,50,6363587,TG,9598
2018-09-19 00:00:00.000,1806,1779295,545446,120747,50,6363587,TN,17278
2018-09-19 00:00:00.000,1806,1779295,545446,120747,50,6363587,US,10814
2018-09-19 00:00:00.000,1806,1779295,545446,120747,50,6363587,YT,1904
2018-09-19 00:00:00.000,1806,1779295,545446,120747,50,6363587,ZA,2286
2018-09-20 00:00:00.000,1648,1642344,549501,109788,41,6013914,AO,5622
2018-09-20 00:00:00.000,1648,1642344,549501,109788,41,6013914,BE,9863
2018-09-20 00:00:00.000,1648,1642344,549501,109788,41,6013914,BF,41431
2018-09-20 00:00:00.000,1648,1642344,549501,109788,41,6013914,BI,3041
2018-09-20 00:00:00.000,1648,1642344,549501,109788,41,6013914,BJ,12921
2018-09-20 00:00:00.000,1648,1642344,549501,109788,41,6013914,CA,10113
2018-09-20 00:00:00.000,1648,1642344,549501,109788,41,6013914,CD,47658
2018-09-20 00:00:00.000,1648,1642344,549501,109788,41,6013914,CF,4628
2018-09-20 00:00:00.000,1648,1642344,549501,109788,41,6013914,CG,17754
2018-09-20 00:00:00.000,1648,1642344,549501,109788,41,6013914,CH,1627
2018-09-20 00:00:00.000,1648,1642344,549501,109788,41,6013914,CI,107064
2018-09-20 00:00:00.000,1648,1642344,549501,109788,41,6013914,CM,97704
2018-09-20 00:00:00.000,1648,1642344,549501,109788,41,6013914,CN,1469
2018-09-20 00:00:00.000,1648,1642344,549501,109788,41,6013914,DE,3057
2018-09-20 00:00:00.000,1648,1642344,549501,109788,41,6013914,DJ,3191
2018-09-20 00:00:00.000,1648,1642344,549501,109788,41,6013914,DZ,37959
2018-09-20 00:00:00.000,1648,1642344,549501,109788,41,6013914,ES,2417
2018-09-20 00:00:00.000,1648,1642344,549501,109788,41,6013914,FR,69990
2018-09-20 00:00:00.000,1648,1642344,549501,109788,41,6013914,GA,22804
2018-09-20 00:00:00.000,1648,1642344,549501,109788,41,6013914,GB,1899
2018-09-20 00:00:00.000,1648,1642344,549501,109788,41,6013914,GF,1636
2018-09-20 00:00:00.000,1648,1642344,549501,109788,41,6013914,GH,2226
2018-09-20 00:00:00.000,1648,1642344,549501,109788,41,6013914,GN,34937
2018-09-20 00:00:00.000,1648,1642344,549501,109788,41,6013914,GP,5220
2018-09-20 00:00:00.000,1648,1642344,549501,109788,41,6013914,HT,21981
2018-09-20 00:00:00.000,1648,1642344,549501,109788,41,6013914,IT,6566
2018-09-20 00:00:00.000,1648,1642344,549501,109788,41,6013914,KM,4613
2018-09-20 00:00:00.000,1648,1642344,549501,109788,41,6013914,MA,12035
2018-09-20 00:00:00.000,1648,1642344,549501,109788,41,6013914,MG,70509
2018-09-20 00:00:00.000,1648,1642344,549501,109788,41,6013914,ML,39073
2018-09-20 00:00:00.000,1648,1642344,549501,109788,41,6013914,MQ,5288
2018-09-20 00:00:00.000,1648,1642344,549501,109788,41,6013914,MR,3884
2018-09-20 00:00:00.000,1648,1642344,549501,109788,41,6013914,MU,23370
2018-09-20 00:00:00.000,1648,1642344,549501,109788,41,6013914,NC,4844
2018-09-20 00:00:00.000,1648,1642344,549501,109788,41,6013914,NE,9980
2018-09-20 00:00:00.000,1648,1642344,549501,109788,41,6013914,PF,4976
2018-09-20 00:00:00.000,1648,1642344,549501,109788,41,6013914,RE,20410
2018-09-20 00:00:00.000,1648,1642344,549501,109788,41,6013914,RW,1516
2018-09-20 00:00:00.000,1648,1642344,549501,109788,41,6013914,SN,80600
2018-09-20 00:00:00.000,1648,1642344,549501,109788,41,6013914,TD,3186
2018-09-20 00:00:00.000,1648,1642344,549501,109788,41,6013914,TG,9620
2018-09-20 00:00:00.000,1648,1642344,549501,109788,41,6013914,TN,17297
2018-09-20 00:00:00.000,1648,1642344,549501,109788,41,6013914,US,10829
2018-09-20 00:00:00.000,1648,1642344,549501,109788,41,6013914,YT,1912
2018-09-20 00:00:00.000,1648,1642344,549501,109788,41,6013914,ZA,2291
2018-09-21 00:00:00.000,1637,1588295,557356,103741,48,5790110,AO,5631
2018-09-21 00:00:00.000,1637,1588295,557356,103741,48,5790110,BE,9882
2018-09-21 00:00:00.000,1637,1588295,557356,103741,48,5790110,BF,41483
2018-09-21 00:00:00.000,1637,1588295,557356,103741,48,5790110,BI,3046
2018-09-21 00:00:00.000,1637,1588295,557356,103741,48,5790110,BJ,12932
2018-09-21 00:00:00.000,1637,1588295,557356,103741,48,5790110,CA,10134
2018-09-21 00:00:00.000,1637,1588295,557356,103741,48,5790110,CD,47762
2018-09-21 00:00:00.000,1637,1588295,557356,103741,48,5790110,CF,4636
2018-09-21 00:00:00.000,1637,1588295,557356,103741,48,5790110,CG,17776
2018-09-21 00:00:00.000,1637,1588295,557356,103741,48,5790110,CH,1632
2018-09-21 00:00:00.000,1637,1588295,557356,103741,48,5790110,CI,107295
2018-09-21 00:00:00.000,1637,1588295,557356,103741,48,5790110,CM,97878
2018-09-21 00:00:00.000,1637,1588295,557356,103741,48,5790110,CN,1469
2018-09-21 00:00:00.000,1637,1588295,557356,103741,48,5790110,DE,3063
2018-09-21 00:00:00.000,1637,1588295,557356,103741,48,5790110,DJ,3201
2018-09-21 00:00:00.000,1637,1588295,557356,103741,48,5790110,DZ,37995
2018-09-21 00:00:00.000,1637,1588295,557356,103741,48,5790110,ES,2419
2018-09-21 00:00:00.000,1637,1588295,557356,103741,48,5790110,FR,70094
2018-09-21 00:00:00.000,1637,1588295,557356,103741,48,5790110,GA,22830
2018-09-21 00:00:00.000,1637,1588295,557356,103741,48,5790110,GB,1908
2018-09-21 00:00:00.000,1637,1588295,557356,103741,48,5790110,GF,1638
2018-09-21 00:00:00.000,1637,1588295,557356,103741,48,5790110,GH,2231
2018-09-21 00:00:00.000,1637,1588295,557356,103741,48,5790110,GN,35010
2018-09-21 00:00:00.000,1637,1588295,557356,103741,48,5790110,GP,5229
2018-09-21 00:00:00.000,1637,1588295,557356,103741,48,5790110,HT,22029
2018-09-21 00:00:00.000,1637,1588295,557356,103741,48,5790110,IT,6576
2018-09-21 00:00:00.000,1637,1588295,557356,103741,48,5790110,KM,4618
2018-09-21 00:00:00.000,1637,1588295,557356,103741,48,5790110,MA,12052
2018-09-21 00:00:00.000,1637,1588295,557356,103741,48,5790110,MG,70604
2018-09-21 00:00:00.000,1637,1588295,557356,103741,48,5790110,ML,39123
2018-09-21 00:00:00.000,1637,1588295,557356,103741,48,5790110,MQ,5292
2018-09-21 00:00:00.000,1637,1588295,557356,103741,48,5790110,MR,3891
2018-09-21 00:00:00.000,1637,1588295,557356,103741,48,5790110,MU,23407
2018-09-21 00:00:00.000,1637,1588295,557356,103741,48,5790110,NC,4847
2018-09-21 00:00:00.000,1637,1588295,557356,103741,48,5790110,NE,9999
2018-09-21 00:00:00.000,1637,1588295,557356,103741,48,5790110,PF,4985
2018-09-21 00:00:00.000,1637,1588295,557356,103741,48,5790110,RE,20431
2018-09-21 00:00:00.000,1637,1588295,557356,103741,48,5790110,RW,1520
2018-09-21 00:00:00.000,1637,1588295,557356,103741,48,5790110,SN,80719
2018-09-21 00:00:00.000,1637,1588295,557356,103741,48,5790110,TD,3190
2018-09-21 00:00:00.000,1637,1588295,557356,103741,48,5790110,TG,9634
2018-09-21 00:00:00.000,1637,1588295,557356,103741,48,5790110,TN,17302
2018-09-21 00:00:00.000,1637,1588295,557356,103741,48,5790110,US,10832
2018-09-21 00:00:00.000,1637,1588295,557356,103741,48,5790110,YT,1914
2018-09-21 00:00:00.000,1637,1588295,557356,103741,48,5790110,ZA,2301
2018-09-22 00:00:00.000,1464,1549743,549797,103908,40,5514635,AO,5648
2018-09-22 00:00:00.000,1464,1549743,549797,103908,40,5514635,BE,9905
2018-09-22 00:00:00.000,1464,1549743,549797,103908,40,5514635,BF,41562
2018-09-22 00:00:00.000,1464,1549743,549797,103908,40,5514635,BI,3052
2018-09-22 00:00:00.000,1464,1549743,549797,103908,40,5514635,BJ,12937
2018-09-22 00:00:00.000,1464,1549743,549797,103908,40,5514635,CA,10147
2018-09-22 00:00:00.000,1464,1549743,549797,103908,40,5514635,CD,47842
2018-09-22 00:00:00.000,1464,1549743,549797,103908,40,5514635,CF,4647
2018-09-22 00:00:00.000,1464,1549743,549797,103908,40,5514635,CG,17806
2018-09-22 00:00:00.000,1464,1549743,549797,103908,40,5514635,CH,1635
2018-09-22 00:00:00.000,1464,1549743,549797,103908,40,5514635,CI,107454
2018-09-22 00:00:00.000,1464,1549743,549797,103908,40,5514635,CM,98019
2018-09-22 00:00:00.000,1464,1549743,549797,103908,40,5514635,CN,1469
2018-09-22 00:00:00.000,1464,1549743,549797,103908,40,5514635,DE,3065
2018-09-22 00:00:00.000,1464,1549743,549797,103908,40,5514635,DJ,3208
2018-09-22 00:00:00.000,1464,1549743,549797,103908,40,5514635,DZ,38022
2018-09-22 00:00:00.000,1464,1549743,549797,103908,40,5514635,ES,2423
2018-09-22 00:00:00.000,1464,1549743,549797,103908,40,5514635,FR,70243
2018-09-22 00:00:00.000,1464,1549743,549797,103908,40,5514635,GA,22864
2018-09-22 00:00:00.000,1464,1549743,549797,103908,40,5514635,GB,1911
2018-09-22 00:00:00.000,1464,1549743,549797,103908,40,5514635,GF,1640
2018-09-22 00:00:00.000,1464,1549743,549797,103908,40,5514635,GH,2237
2018-09-22 00:00:00.000,1464,1549743,549797,103908,40,5514635,GN,35064
2018-09-22 00:00:00.000,1464,1549743,549797,103908,40,5514635,GP,5226
2018-09-22 00:00:00.000,1464,1549743,549797,103908,40,5514635,HT,22069
2018-09-22 00:00:00.000,1464,1549743,549797,103908,40,5514635,IT,6579
2018-09-22 00:00:00.000,1464,1549743,549797,103908,40,5514635,KM,4629
2018-09-22 00:00:00.000,1464,1549743,549797,103908,40,5514635,MA,12071
2018-09-22 00:00:00.000,1464,1549743,549797,103908,40,5514635,MG,70666
2018-09-22 00:00:00.000,1464,1549743,549797,103908,40,5514635,ML,39160
2018-09-22 00:00:00.000,1464,1549743,549797,103908,40,5514635,MQ,5293
2018-09-22 00:00:00.000,1464,1549743,549797,103908,40,5514635,MR,3902
2018-09-22 00:00:00.000,1464,1549743,549797,103908,40,5514635,MU,23445
2018-09-22 00:00:00.000,1464,1549743,549797,103908,40,5514635,NC,4850
2018-09-22 00:00:00.000,1464,1549743,549797,103908,40,5514635,NE,10013
2018-09-22 00:00:00.000,1464,1549743,549797,103908,40,5514635,PF,4992
2018-09-22 00:00:00.000,1464,1549743,549797,103908,40,5514635,RE,20451
2018-09-22 00:00:00.000,1464,1549743,549797,103908,40,5514635,RW,1526
2018-09-22 00:00:00.000,1464,1549743,549797,103908,40,5514635,SN,80830
2018-09-22 00:00:00.000,1464,1549743,549797,103908,40,5514635,TD,3192
2018-09-22 00:00:00.000,1464,1549743,549797,103908,40,5514635,TG,9645
2018-09-22 00:00:00.000,1464,1549743,549797,103908,40,5514635,TN,17322
2018-09-22 00:00:00.000,1464,1549743,549797,103908,40,5514635,US,10841
2018-09-22 00:00:00.000,1464,1549743,549797,103908,40,5514635,YT,1917
2018-09-22 00:00:00.000,1464,1549743,549797,103908,40,5514635,ZA,2306
2018-09-23 00:00:00.000,1557,1581070,543822,104842,43,5755811,AO,5658
2018-09-23 00:00:00.000,1557,1581070,543822,104842,43,5755811,BE,9919
2018-09-23 00:00:00.000,1557,1581070,543822,104842,43,5755811,BF,41617
2018-09-23 00:00:00.000,1557,1581070,543822,104842,43,5755811,BI,3053
2018-09-23 00:00:00.000,1557,1581070,543822,104842,43,5755811,BJ,12945
2018-09-23 00:00:00.000,1557,1581070,543822,104842,43,5755811,CA,10157
2018-09-23 00:00:00.000,1557,1581070,543822,104842,43,5755811,CD,47917
2018-09-23 00:00:00.000,1557,1581070,543822,104842,43,5755811,CF,4656
2018-09-23 00:00:00.000,1557,1581070,543822,104842,43,5755811,CG,17831
2018-09-23 00:00:00.000,1557,1581070,543822,104842,43,5755811,CH,1637
2018-09-23 00:00:00.000,1557,1581070,543822,104842,43,5755811,CI,107630
2018-09-23 00:00:00.000,1557,1581070,543822,104842,43,5755811,CM,98137
2018-09-23 00:00:00.000,1557,1581070,543822,104842,43,5755811,CN,1470
2018-09-23 00:00:00.000,1557,1581070,543822,104842,43,5755811,DE,3069
2018-09-23 00:00:00.000,1557,1581070,543822,104842,43,5755811,DJ,3212
2018-09-23 00:00:00.000,1557,1581070,543822,104842,43,5755811,DZ,38071
2018-09-23 00:00:00.000,1557,1581070,543822,104842,43,5755811,ES,2427
2018-09-23 00:00:00.000,1557,1581070,543822,104842,43,5755811,FR,70345
2018-09-23 00:00:00.000,1557,1581070,543822,104842,43,5755811,GA,22908
2018-09-23 00:00:00.000,1557,1581070,543822,104842,43,5755811,GB,1915
2018-09-23 00:00:00.000,1557,1581070,543822,104842,43,5755811,GF,1644
2018-09-23 00:00:00.000,1557,1581070,543822,104842,43,5755811,GH,2237
2018-09-23 00:00:00.000,1557,1581070,543822,104842,43,5755811,GN,35139
2018-09-23 00:00:00.000,1557,1581070,543822,104842,43,5755811,GP,5230
2018-09-23 00:00:00.000,1557,1581070,543822,104842,43,5755811,HT,22111
2018-09-23 00:00:00.000,1557,1581070,543822,104842,43,5755811,IT,6584
2018-09-23 00:00:00.000,1557,1581070,543822,104842,43,5755811,KM,4643
2018-09-23 00:00:00.000,1557,1581070,543822,104842,43,5755811,MA,12084
2018-09-23 00:00:00.000,1557,1581070,543822,104842,43,5755811,MG,70762
2018-09-23 00:00:00.000,1557,1581070,543822,104842,43,5755811,ML,39228
2018-09-23 00:00:00.000,1557,1581070,543822,104842,43,5755811,MQ,5296
2018-09-23 00:00:00.000,1557,1581070,543822,104842,43,5755811,MR,3908
2018-09-23 00:00:00.000,1557,1581070,543822,104842,43,5755811,MU,23478
2018-09-23 00:00:00.000,1557,1581070,543822,104842,43,5755811,NC,4855
2018-09-23 00:00:00.000,1557,1581070,543822,104842,43,5755811,NE,10025
2018-09-23 00:00:00.000,1557,1581070,543822,104842,43,5755811,PF,5004
2018-09-23 00:00:00.000,1557,1581070,543822,104842,43,5755811,RE,20465
2018-09-23 00:00:00.000,1557,1581070,543822,104842,43,5755811,RW,1528
2018-09-23 00:00:00.000,1557,1581070,543822,104842,43,5755811,SN,80940
2018-09-23 00:00:00.000,1557,1581070,543822,104842,43,5755811,TD,3197
2018-09-23 00:00:00.000,1557,1581070,543822,104842,43,5755811,TG,9651
2018-09-23 00:00:00.000,1557,1581070,543822,104842,43,5755811,TN,17349
2018-09-23 00:00:00.000,1557,1581070,543822,104842,43,5755811,US,10855
2018-09-23 00:00:00.000,1557,1581070,543822,104842,43,5755811,YT,1923
2018-09-23 00:00:00.000,1557,1581070,543822,104842,43,5755811,ZA,2315
2018-09-24 00:00:00.000,1634,1763261,539047,112942,55,6031138,AO,5672
2018-09-24 00:00:00.000,1634,1763261,539047,112942,55,6031138,BE,9930
2018-09-24 00:00:00.000,1634,1763261,539047,112942,55,6031138,BF,41687
2018-09-24 00:00:00.000,1634,1763261,539047,112942,55,6031138,BI,3058
2018-09-24 00:00:00.000,1634,1763261,539047,112942,55,6031138,BJ,12967
2018-09-24 00:00:00.000,1634,1763261,539047,112942,55,6031138,CA,10171
2018-09-24 00:00:00.000,1634,1763261,539047,112942,55,6031138,CD,48015
2018-09-24 00:00:00.000,1634,1763261,539047,112942,55,6031138,CF,4668
2018-09-24 00:00:00.000,1634,1763261,539047,112942,55,6031138,CG,17865
2018-09-24 00:00:00.000,1634,1763261,539047,112942,55,6031138,CH,1638
2018-09-24 00:00:00.000,1634,1763261,539047,112942,55,6031138,CI,107794
2018-09-24 00:00:00.000,1634,1763261,539047,112942,55,6031138,CM,98283
2018-09-24 00:00:00.000,1634,1763261,539047,112942,55,6031138,CN,1470
2018-09-24 00:00:00.000,1634,1763261,539047,112942,55,6031138,DE,3075
2018-09-24 00:00:00.000,1634,1763261,539047,112942,55,6031138,DJ,3212
2018-09-24 00:00:00.000,1634,1763261,539047,112942,55,6031138,DZ,38103
2018-09-24 00:00:00.000,1634,1763261,539047,112942,55,6031138,ES,2430
2018-09-24 00:00:00.000,1634,1763261,539047,112942,55,6031138,FR,70430
2018-09-24 00:00:00.000,1634,1763261,539047,112942,55,6031138,GA,22949
2018-09-24 00:00:00.000,1634,1763261,539047,112942,55,6031138,GB,1917
2018-09-24 00:00:00.000,1634,1763261,539047,112942,55,6031138,GF,1643
2018-09-24 00:00:00.000,1634,1763261,539047,112942,55,6031138,GH,2238
2018-09-24 00:00:00.000,1634,1763261,539047,112942,55,6031138,GN,35214
2018-09-24 00:00:00.000,1634,1763261,539047,112942,55,6031138,GP,5237
2018-09-24 00:00:00.000,1634,1763261,539047,112942,55,6031138,HT,22154
2018-09-24 00:00:00.000,1634,1763261,539047,112942,55,6031138,IT,6591
2018-09-24 00:00:00.000,1634,1763261,539047,112942,55,6031138,KM,4654
2018-09-24 00:00:00.000,1634,1763261,539047,112942,55,6031138,MA,12093
2018-09-24 00:00:00.000,1634,1763261,539047,112942,55,6031138,MG,70842
2018-09-24 00:00:00.000,1634,1763261,539047,112942,55,6031138,ML,39291
2018-09-24 00:00:00.000,1634,1763261,539047,112942,55,6031138,MQ,5308
2018-09-24 00:00:00.000,1634,1763261,539047,112942,55,6031138,MR,3921
2018-09-24 00:00:00.000,1634,1763261,539047,112942,55,6031138,MU,23513
2018-09-24 00:00:00.000,1634,1763261,539047,112942,55,6031138,NC,4864
2018-09-24 00:00:00.000,1634,1763261,539047,112942,55,6031138,NE,10038
2018-09-24 00:00:00.000,1634,1763261,539047,112942,55,6031138,PF,5014
2018-09-24 00:00:00.000,1634,1763261,539047,112942,55,6031138,RE,20481
2018-09-24 00:00:00.000,1634,1763261,539047,112942,55,6031138,RW,1531
2018-09-24 00:00:00.000,1634,1763261,539047,112942,55,6031138,SN,81061
2018-09-24 00:00:00.000,1634,1763261,539047,112942,55,6031138,TD,3199
2018-09-24 00:00:00.000,1634,1763261,539047,112942,55,6031138,TG,9664
2018-09-24 00:00:00.000,1634,1763261,539047,112942,55,6031138,TN,17372
2018-09-24 00:00:00.000,1634,1763261,539047,112942,55,6031138,US,10874
2018-09-24 00:00:00.000,1634,1763261,539047,112942,55,6031138,YT,1927
2018-09-24 00:00:00.000,1634,1763261,539047,112942,55,6031138,ZA,2320
2018-09-25 00:00:00.000,1538,1607641,523411,108908,41,5785209,AO,5691
2018-09-25 00:00:00.000,1538,1607641,523411,108908,41,5785209,BE,9952
2018-09-25 00:00:00.000,1538,1607641,523411,108908,41,5785209,BF,41776
2018-09-25 00:00:00.000,1538,1607641,523411,108908,41,5785209,BI,3069
2018-09-25 00:00:00.000,1538,1607641,523411,108908,41,5785209,BJ,12983
2018-09-25 00:00:00.000,1538,1607641,523411,108908,41,5785209,CA,10197
2018-09-25 00:00:00.000,1538,1607641,523411,108908,41,5785209,CD,48098
2018-09-25 00:00:00.000,1538,1607641,523411,108908,41,5785209,CF,4669
2018-09-25 00:00:00.000,1538,1607641,523411,108908,41,5785209,CG,17883
2018-09-25 00:00:00.000,1538,1607641,523411,108908,41,5785209,CH,1637
2018-09-25 00:00:00.000,1538,1607641,523411,108908,41,5785209,CI,107962
2018-09-25 00:00:00.000,1538,1607641,523411,108908,41,5785209,CM,98404
2018-09-25 00:00:00.000,1538,1607641,523411,108908,41,5785209,CN,1470
2018-09-25 00:00:00.000,1538,1607641,523411,108908,41,5785209,DE,3082
2018-09-25 00:00:00.000,1538,1607641,523411,108908,41,5785209,DJ,3222
2018-09-25 00:00:00.000,1538,1607641,523411,108908,41,5785209,DZ,38125
2018-09-25 00:00:00.000,1538,1607641,523411,108908,41,5785209,ES,2428
2018-09-25 00:00:00.000,1538,1607641,523411,108908,41,5785209,FR,70644
2018-09-25 00:00:00.000,1538,1607641,523411,108908,41,5785209,GA,22992
2018-09-25 00:00:00.000,1538,1607641,523411,108908,41,5785209,GB,1923
2018-09-25 00:00:00.000,1538,1607641,523411,108908,41,5785209,GF,1643
2018-09-25 00:00:00.000,1538,1607641,523411,108908,41,5785209,GH,2244
2018-09-25 00:00:00.000,1538,1607641,523411,108908,41,5785209,GN,35259
2018-09-25 00:00:00.000,1538,1607641,523411,108908,41,5785209,GP,5249
2018-09-25 00:00:00.000,1538,1607641,523411,108908,41,5785209,HT,22190
2018-09-25 00:00:00.000,1538,1607641,523411,108908,41,5785209,IT,6605
2018-09-25 00:00:00.000,1538,1607641,523411,108908,41,5785209,KM,4664
2018-09-25 00:00:00.000,1538,1607641,523411,108908,41,5785209,MA,12119
2018-09-25 00:00:00.000,1538,1607641,523411,108908,41,5785209,MG,70909
2018-09-25 00:00:00.000,1538,1607641,523411,108908,41,5785209,ML,39319
2018-09-25 00:00:00.000,1538,1607641,523411,108908,41,5785209,MQ,5310
2018-09-25 00:00:00.000,1538,1607641,523411,108908,41,5785209,MR,3925
2018-09-25 00:00:00.000,1538,1607641,523411,108908,41,5785209,MU,23558
2018-09-25 00:00:00.000,1538,1607641,523411,108908,41,5785209,NC,4873
2018-09-25 00:00:00.000,1538,1607641,523411,108908,41,5785209,NE,10053
2018-09-25 00:00:00.000,1538,1607641,523411,108908,41,5785209,PF,5013
2018-09-25 00:00:00.000,1538,1607641,523411,108908,41,5785209,RE,20494
2018-09-25 00:00:00.000,1538,1607641,523411,108908,41,5785209,RW,1527
2018-09-25 00:00:00.000,1538,1607641,523411,108908,41,5785209,SN,81182
2018-09-25 00:00:00.000,1538,1607641,523411,108908,41,5785209,TD,3197
2018-09-25 00:00:00.000,1538,1607641,523411,108908,41,5785209,TG,9679
2018-09-25 00:00:00.000,1538,1607641,523411,108908,41,5785209,TN,17390
2018-09-25 00:00:00.000,1538,1607641,523411,108908,41,5785209,US,10904
2018-09-25 00:00:00.000,1538,1607641,523411,108908,41,5785209,YT,1921
2018-09-25 00:00:00.000,1538,1607641,523411,108908,41,5785209,ZA,2332
2018-09-26 00:00:00.000,1508,1659038,521064,109999,27,5914165,AO,5696
2018-09-26 00:00:00.000,1508,1659038,521064,109999,27,5914165,BE,9972
2018-09-26 00:00:00.000,1508,1659038,521064,109999,27,5914165,BF,41829
2018-09-26 00:00:00.000,1508,1659038,521064,109999,27,5914165,BI,3075
2018-09-26 00:00:00.000,1508,1659038,521064,109999,27,5914165,BJ,12997
2018-09-26 00:00:00.000,1508,1659038,521064,109999,27,5914165,CA,10218
2018-09-26 00:00:00.000,1508,1659038,521064,109999,27,5914165,CD,48200
2018-09-26 00:00:00.000,1508,1659038,521064,109999,27,5914165,CF,4667
2018-09-26 00:00:00.000,1508,1659038,521064,109999,27,5914165,CG,17900
2018-09-26 00:00:00.000,1508,1659038,521064,109999,27,5914165,CH,1643
2018-09-26 00:00:00.000,1508,1659038,521064,109999,27,5914165,CI,108126
2018-09-26 00:00:00.000,1508,1659038,521064,109999,27,5914165,CM,98544
2018-09-26 00:00:00.000,1508,1659038,521064,109999,27,5914165,CN,1470
2018-09-26 00:00:00.000,1508,1659038,521064,109999,27,5914165,DE,3085
2018-09-26 00:00:00.000,1508,1659038,521064,109999,27,5914165,DJ,3228
2018-09-26 00:00:00.000,1508,1659038,521064,109999,27,5914165,DZ,38167
2018-09-26 00:00:00.000,1508,1659038,521064,109999,27,5914165,ES,2428
2018-09-26 00:00:00.000,1508,1659038,521064,109999,27,5914165,FR,70776
2018-09-26 00:00:00.000,1508,1659038,521064,109999,27,5914165,GA,23029
2018-09-26 00:00:00.000,1508,1659038,521064,109999,27,5914165,GB,1928
2018-09-26 00:00:00.000,1508,1659038,521064,109999,27,5914165,GF,1644
2018-09-26 00:00:00.000,1508,1659038,521064,109999,27,5914165,GH,2244
2018-09-26 00:00:00.000,1508,1659038,521064,109999,27,5914165,GN,35318
2018-09-26 00:00:00.000,1508,1659038,521064,109999,27,5914165,GP,5260
2018-09-26 00:00:00.000,1508,1659038,521064,109999,27,5914165,HT,22234
2018-09-26 00:00:00.000,1508,1659038,521064,109999,27,5914165,IT,6612
2018-09-26 00:00:00.000,1508,1659038,521064,109999,27,5914165,KM,4673
2018-09-26 00:00:00.000,1508,1659038,521064,109999,27,5914165,MA,12133
2018-09-26 00:00:00.000,1508,1659038,521064,109999,27,5914165,MG,70997
2018-09-26 00:00:00.000,1508,1659038,521064,109999,27,5914165,ML,39379
2018-09-26 00:00:00.000,1508,1659038,521064,109999,27,5914165,MQ,5314
2018-09-26 00:00:00.000,1508,1659038,521064,109999,27,5914165,MR,3941
2018-09-26 00:00:00.000,1508,1659038,521064,109999,27,5914165,MU,23592
2018-09-26 00:00:00.000,1508,1659038,521064,109999,27,5914165,NC,4877
2018-09-26 00:00:00.000,1508,1659038,521064,109999,27,5914165,NE,10066
2018-09-26 00:00:00.000,1508,1659038,521064,109999,27,5914165,PF,5015
2018-09-26 00:00:00.000,1508,1659038,521064,109999,27,5914165,RE,20508
2018-09-26 00:00:00.000,1508,1659038,521064,109999,27,5914165,RW,1527
2018-09-26 00:00:00.000,1508,1659038,521064,109999,27,5914165,SN,81272
2018-09-26 00:00:00.000,1508,1659038,521064,109999,27,5914165,TD,3197
2018-09-26 00:00:00.000,1508,1659038,521064,109999,27,5914165,TG,9688
2018-09-26 00:00:00.000,1508,1659038,521064,109999,27,5914165,TN,17403
2018-09-26 00:00:00.000,1508,1659038,521064,109999,27,5914165,US,10924
2018-09-26 00:00:00.000,1508,1659038,521064,109999,27,5914165,YT,1919
2018-09-26 00:00:00.000,1508,1659038,521064,109999,27,5914165,ZA,2344
2018-09-27 00:00:00.000,1574,1655204,527427,108212,39,6075300,AO,5705
2018-09-27 00:00:00.000,1574,1655204,527427,108212,39,6075300,BE,9982
2018-09-27 00:00:00.000,1574,1655204,527427,108212,39,6075300,BF,41885
2018-09-27 00:00:00.000,1574,1655204,527427,108212,39,6075300,BI,3084
2018-09-27 00:00:00.000,1574,1655204,527427,108212,39,6075300,BJ,13014
2018-09-27 00:00:00.000,1574,1655204,527427,108212,39,6075300,CA,10227
2018-09-27 00:00:00.000,1574,1655204,527427,108212,39,6075300,CD,48297
2018-09-27 00:00:00.000,1574,1655204,527427,108212,39,6075300,CF,4678
2018-09-27 00:00:00.000,1574,1655204,527427,108212,39,6075300,CG,17926
2018-09-27 00:00:00.000,1574,1655204,527427,108212,39,6075300,CH,1642
2018-09-27 00:00:00.000,1574,1655204,527427,108212,39,6075300,CI,108310
2018-09-27 00:00:00.000,1574,1655204,527427,108212,39,6075300,CM,98703
2018-09-27 00:00:00.000,1574,1655204,527427,108212,39,6075300,CN,1473
2018-09-27 00:00:00.000,1574,1655204,527427,108212,39,6075300,DE,3085
2018-09-27 00:00:00.000,1574,1655204,527427,108212,39,6075300,DJ,3232
2018-09-27 00:00:00.000,1574,1655204,527427,108212,39,6075300,DZ,38214
2018-09-27 00:00:00.000,1574,1655204,527427,108212,39,6075300,ES,2435
2018-09-27 00:00:00.000,1574,1655204,527427,108212,39,6075300,FR,70857
2018-09-27 00:00:00.000,1574,1655204,527427,108212,39,6075300,GA,23072
2018-09-27 00:00:00.000,1574,1655204,527427,108212,39,6075300,GB,1930
2018-09-27 00:00:00.000,1574,1655204,527427,108212,39,6075300,GF,1646
2018-09-27 00:00:00.000,1574,1655204,527427,108212,39,6075300,GH,2247
2018-09-27 00:00:00.000,1574,1655204,527427,108212,39,6075300,GN,35399
2018-09-27 00:00:00.000,1574,1655204,527427,108212,39,6075300,GP,5268
2018-09-27 00:00:00.000,1574,1655204,527427,108212,39,6075300,HT,22280
2018-09-27 00:00:00.000,1574,1655204,527427,108212,39,6075300,IT,6619
2018-09-27 00:00:00.000,1574,1655204,527427,108212,39,6075300,KM,4688
2018-09-27 00:00:00.000,1574,1655204,527427,108212,39,6075300,MA,12134
2018-09-27 00:00:00.000,1574,1655204,527427,108212,39,6075300,MG,71081
2018-09-27 00:00:00.000,1574,1655204,527427,108212,39,6075300,ML,39432
2018-09-27 00:00:00.000,1574,1655204,527427,108212,39,6075300,MQ,5328
2018-09-27 00:00:00.000,1574,1655204,527427,108212,39,6075300,MR,3946
2018-09-27 00:00:00.000,1574,1655204,527427,108212,39,6075300,MU,23627
2018-09-27 00:00:00.000,1574,1655204,527427,108212,39,6075300,NC,4893
2018-09-27 00:00:00.000,1574,1655204,527427,108212,39,6075300,NE,10079
2018-09-27 00:00:00.000,1574,1655204,527427,108212,39,6075300,PF,5024
2018-09-27 00:00:00.000,1574,1655204,527427,108212,39,6075300,RE,20517
2018-09-27 00:00:00.000,1574,1655204,527427,108212,39,6075300,RW,1530
2018-09-27 00:00:00.000,1574,1655204,527427,108212,39,6075300,SN,81383
2018-09-27 00:00:00.000,1574,1655204,527427,108212,39,6075300,TD,3198
2018-09-27 00:00:00.000,1574,1655204,527427,108212,39,6075300,TG,9695
2018-09-27 00:00:00.000,1574,1655204,527427,108212,39,6075300,TN,17413
2018-09-27 00:00:00.000,1574,1655204,527427,108212,39,6075300,US,10935
2018-09-27 00:00:00.000,1574,1655204,527427,108212,39,6075300,YT,1923
2018-09-27 00:00:00.000,1574,1655204,527427,108212,39,6075300,ZA,2352
2018-09-28 00:00:00.000,1468,1631159,522421,101312,45,5700151,AO,5719
2018-09-28 00:00:00.000,1468,1631159,522421,101312,45,5700151,BE,10003
2018-09-28 00:00:00.000,1468,1631159,522421,101312,45,5700151,BF,41938
2018-09-28 00:00:00.000,1468,1631159,522421,101312,45,5700151,BI,3091
2018-09-28 00:00:00.000,1468,1631159,522421,101312,45,5700151,BJ,13025
2018-09-28 00:00:00.000,1468,1631159,522421,101312,45,5700151,CA,10233
2018-09-28 00:00:00.000,1468,1631159,522421,101312,45,5700151,CD,48391
2018-09-28 00:00:00.000,1468,1631159,522421,101312,45,5700151,CF,4684
2018-09-28 00:00:00.000,1468,1631159,522421,101312,45,5700151,CG,17956
2018-09-28 00:00:00.000,1468,1631159,522421,101312,45,5700151,CH,1643
2018-09-28 00:00:00.000,1468,1631159,522421,101312,45,5700151,CI,108454
2018-09-28 00:00:00.000,1468,1631159,522421,101312,45,5700151,CM,98818
2018-09-28 00:00:00.000,1468,1631159,522421,101312,45,5700151,CN,1475
2018-09-28 00:00:00.000,1468,1631159,522421,101312,45,5700151,DE,3101
2018-09-28 00:00:00.000,1468,1631159,522421,101312,45,5700151,DJ,3238
2018-09-28 00:00:00.000,1468,1631159,522421,101312,45,5700151,DZ,38273
2018-09-28 00:00:00.000,1468,1631159,522421,101312,45,5700151,ES,2433
2018-09-28 00:00:00.000,1468,1631159,522421,101312,45,5700151,FR,70955
2018-09-28 00:00:00.000,1468,1631159,522421,101312,45,5700151,GA,23114
2018-09-28 00:00:00.000,1468,1631159,522421,101312,45,5700151,GB,1934
2018-09-28 00:00:00.000,1468,1631159,522421,101312,45,5700151,GF,1647
2018-09-28 00:00:00.000,1468,1631159,522421,101312,45,5700151,GH,2253
2018-09-28 00:00:00.000,1468,1631159,522421,101312,45,5700151,GN,35463
2018-09-28 00:00:00.000,1468,1631159,522421,101312,45,5700151,GP,5266
2018-09-28 00:00:00.000,1468,1631159,522421,101312,45,5700151,HT,22313
2018-09-28 00:00:00.000,1468,1631159,522421,101312,45,5700151,IT,6628
2018-09-28 00:00:00.000,1468,1631159,522421,101312,45,5700151,KM,4692
2018-09-28 00:00:00.000,1468,1631159,522421,101312,45,5700151,MA,12159
2018-09-28 00:00:00.000,1468,1631159,522421,101312,45,5700151,MG,71136
2018-09-28 00:00:00.000,1468,1631159,522421,101312,45,5700151,ML,39481
2018-09-28 00:00:00.000,1468,1631159,522421,101312,45,5700151,MQ,5328
2018-09-28 00:00:00.000,1468,1631159,522421,101312,45,5700151,MR,3952
2018-09-28 00:00:00.000,1468,1631159,522421,101312,45,5700151,MU,23658
2018-09-28 00:00:00.000,1468,1631159,522421,101312,45,5700151,NC,4902
2018-09-28 00:00:00.000,1468,1631159,522421,101312,45,5700151,NE,10087
2018-09-28 00:00:00.000,1468,1631159,522421,101312,45,5700151,PF,5040
2018-09-28 00:00:00.000,1468,1631159,522421,101312,45,5700151,RE,20535
2018-09-28 00:00:00.000,1468,1631159,522421,101312,45,5700151,RW,1532
2018-09-28 00:00:00.000,1468,1631159,522421,101312,45,5700151,SN,81487
2018-09-28 00:00:00.000,1468,1631159,522421,101312,45,5700151,TD,3204
2018-09-28 00:00:00.000,1468,1631159,522421,101312,45,5700151,TG,9699
2018-09-28 00:00:00.000,1468,1631159,522421,101312,45,5700151,TN,17420
2018-09-28 00:00:00.000,1468,1631159,522421,101312,45,5700151,US,10957
2018-09-28 00:00:00.000,1468,1631159,522421,101312,45,5700151,YT,1927
2018-09-28 00:00:00.000,1468,1631159,522421,101312,45,5700151,ZA,2359
2018-09-29 00:00:00.000,1556,1644077,531604,106294,36,5673416,AO,5732
2018-09-29 00:00:00.000,1556,1644077,531604,106294,36,5673416,BE,10009
2018-09-29 00:00:00.000,1556,1644077,531604,106294,36,5673416,BF,42000
2018-09-29 00:00:00.000,1556,1644077,531604,106294,36,5673416,BI,3097
2018-09-29 00:00:00.000,1556,1644077,531604,106294,36,5673416,BJ,13045
2018-09-29 00:00:00.000,1556,1644077,531604,106294,36,5673416,CA,10249
2018-09-29 00:00:00.000,1556,1644077,531604,106294,36,5673416,CD,48490
2018-09-29 00:00:00.000,1556,1644077,531604,106294,36,5673416,CF,4692
2018-09-29 00:00:00.000,1556,1644077,531604,106294,36,5673416,CG,17983
2018-09-29 00:00:00.000,1556,1644077,531604,106294,36,5673416,CH,1646
2018-09-29 00:00:00.000,1556,1644077,531604,106294,36,5673416,CI,108596
2018-09-29 00:00:00.000,1556,1644077,531604,106294,36,5673416,CM,98964
2018-09-29 00:00:00.000,1556,1644077,531604,106294,36,5673416,CN,1477
2018-09-29 00:00:00.000,1556,1644077,531604,106294,36,5673416,DE,3103
2018-09-29 00:00:00.000,1556,1644077,531604,106294,36,5673416,DJ,3243
2018-09-29 00:00:00.000,1556,1644077,531604,106294,36,5673416,DZ,38323
2018-09-29 00:00:00.000,1556,1644077,531604,106294,36,5673416,ES,2435
2018-09-29 00:00:00.000,1556,1644077,531604,106294,36,5673416,FR,71024
2018-09-29 00:00:00.000,1556,1644077,531604,106294,36,5673416,GA,23151
2018-09-29 00:00:00.000,1556,1644077,531604,106294,36,5673416,GB,1935
2018-09-29 00:00:00.000,1556,1644077,531604,106294,36,5673416,GF,1650
2018-09-29 00:00:00.000,1556,1644077,531604,106294,36,5673416,GH,2257
2018-09-29 00:00:00.000,1556,1644077,531604,106294,36,5673416,GN,35547
2018-09-29 00:00:00.000,1556,1644077,531604,106294,36,5673416,GP,5270
2018-09-29 00:00:00.000,1556,1644077,531604,106294,36,5673416,HT,22351
2018-09-29 00:00:00.000,1556,1644077,531604,106294,36,5673416,IT,6637
2018-09-29 00:00:00.000,1556,1644077,531604,106294,36,5673416,KM,4714
2018-09-29 00:00:00.000,1556,1644077,531604,106294,36,5673416,MA,12168
2018-09-29 00:00:00.000,1556,1644077,531604,106294,36,5673416,MG,71226
2018-09-29 00:00:00.000,1556,1644077,531604,106294,36,5673416,ML,39546
2018-09-29 00:00:00.000,1556,1644077,531604,106294,36,5673416,MQ,5334
2018-09-29 00:00:00.000,1556,1644077,531604,106294,36,5673416,MR,3963
2018-09-29 00:00:00.000,1556,1644077,531604,106294,36,5673416,MU,23673
2018-09-29 00:00:00.000,1556,1644077,531604,106294,36,5673416,NC,4907
2018-09-29 00:00:00.000,1556,1644077,531604,106294,36,5673416,NE,10101
2018-09-29 00:00:00.000,1556,1644077,531604,106294,36,5673416,PF,5046
2018-09-29 00:00:00.000,1556,1644077,531604,106294,36,5673416,RE,20552
2018-09-29 00:00:00.000,1556,1644077,531604,106294,36,5673416,RW,1535
2018-09-29 00:00:00.000,1556,1644077,531604,106294,36,5673416,SN,81600
2018-09-29 00:00:00.000,1556,1644077,531604,106294,36,5673416,TD,3205
2018-09-29 00:00:00.000,1556,1644077,531604,106294,36,5673416,TG,9706
2018-09-29 00:00:00.000,1556,1644077,531604,106294,36,5673416,TN,17447
2018-09-29 00:00:00.000,1556,1644077,531604,106294,36,5673416,US,10969
2018-09-29 00:00:00.000,1556,1644077,531604,106294,36,5673416,YT,1933
2018-09-29 00:00:00.000,1556,1644077,531604,106294,36,5673416,ZA,2364
2018-09-30 00:00:00.000,1475,1593899,524833,97375,47,5615209,AO,5751
2018-09-30 00:00:00.000,1475,1593899,524833,97375,47,5615209,BE,10031
2018-09-30 00:00:00.000,1475,1593899,524833,97375,47,5615209,BF,42067
2018-09-30 00:00:00.000,1475,1593899,524833,97375,47,5615209,BI,3100
2018-09-30 00:00:00.000,1475,1593899,524833,97375,47,5615209,BJ,13067
2018-09-30 00:00:00.000,1475,1593899,524833,97375,47,5615209,CA,10263
2018-09-30 00:00:00.000,1475,1593899,524833,97375,47,5615209,CD,48577
2018-09-30 00:00:00.000,1475,1593899,524833,97375,47,5615209,CF,4699
2018-09-30 00:00:00.000,1475,1593899,524833,97375,47,5615209,CG,18014
2018-09-30 00:00:00.000,1475,1593899,524833,97375,47,5615209,CH,1644
2018-09-30 00:00:00.000,1475,1593899,524833,97375,47,5615209,CI,108739
2018-09-30 00:00:00.000,1475,1593899,524833,97375,47,5615209,CM,99111
2018-09-30 00:00:00.000,1475,1593899,524833,97375,47,5615209,CN,1482
2018-09-30 00:00:00.000,1475,1593899,524833,97375,47,5615209,DE,3113
2018-09-30 00:00:00.000,1475,1593899,524833,97375,47,5615209,DJ,3246
2018-09-30 00:00:00.000,1475,1593899,524833,97375,47,5615209,DZ,38355
2018-09-30 00:00:00.000,1475,1593899,524833,97375,47,5615209,ES,2437
2018-09-30 00:00:00.000,1475,1593899,524833,97375,47,5615209,FR,71154
2018-09-30 00:00:00.000,1475,1593899,524833,97375,47,5615209,GA,23195
2018-09-30 00:00:00.000,1475,1593899,524833,97375,47,5615209,GB,1943
2018-09-30 00:00:00.000,1475,1593899,524833,97375,47,5615209,GF,1646
2018-09-30 00:00:00.000,1475,1593899,524833,97375,47,5615209,GH,2262
2018-09-30 00:00:00.000,1475,1593899,524833,97375,47,5615209,GN,35605
2018-09-30 00:00:00.000,1475,1593899,524833,97375,47,5615209,GP,5279
2018-09-30 00:00:00.000,1475,1593899,524833,97375,47,5615209,HT,22380
2018-09-30 00:00:00.000,1475,1593899,524833,97375,47,5615209,IT,6640
2018-09-30 00:00:00.000,1475,1593899,524833,97375,47,5615209,KM,4726
2018-09-30 00:00:00.000,1475,1593899,524833,97375,47,5615209,MA,12177
2018-09-30 00:00:00.000,1475,1593899,524833,97375,47,5615209,MG,71290
2018-09-30 00:00:00.000,1475,1593899,524833,97375,47,5615209,ML,39582
2018-09-30 00:00:00.000,1475,1593899,524833,97375,47,5615209,MQ,5337
2018-09-30 00:00:00.000,1475,1593899,524833,97375,47,5615209,MR,3970
2018-09-30 00:00:00.000,1475,1593899,524833,97375,47,5615209,MU,23687
2018-09-30 00:00:00.000,1475,1593899,524833,97375,47,5615209,NC,4907
2018-09-30 00:00:00.000,1475,1593899,524833,97375,47,5615209,NE,10119
2018-09-30 00:00:00.000,1475,1593899,524833,97375,47,5615209,PF,5056
2018-09-30 00:00:00.000,1475,1593899,524833,97375,47,5615209,RE,20588
2018-09-30 00:00:00.000,1475,1593899,524833,97375,47,5615209,RW,1538
2018-09-30 00:00:00.000,1475,1593899,524833,97375,47,5615209,SN,81703
2018-09-30 00:00:00.000,1475,1593899,524833,97375,47,5615209,TD,3212
2018-09-30 00:00:00.000,1475,1593899,524833,97375,47,5615209,TG,9721
2018-09-30 00:00:00.000,1475,1593899,524833,97375,47,5615209,TN,17456
2018-09-30 00:00:00.000,1475,1593899,524833,97375,47,5615209,US,10984
2018-09-30 00:00:00.000,1475,1593899,524833,97375,47,5615209,YT,1931
2018-09-30 00:00:00.000,1475,1593899,524833,97375,47,5615209,ZA,2370
2018-10-01 00:00:00.000,1485,1680033,506652,109284,41,6227197,AO,5760
2018-10-01 00:00:00.000,1485,1680033,506652,109284,41,6227197,BE,10033
2018-10-01 00:00:00.000,1485,1680033,506652,109284,41,6227197,BF,42130
2018-10-01 00:00:00.000,1485,1680033,506652,109284,41,6227197,BI,3105
2018-10-01 00:00:00.000,1485,1680033,506652,109284,41,6227197,BJ,13088
2018-10-01 00:00:00.000,1485,1680033,506652,109284,41,6227197,CA,10276
2018-10-01 00:00:00.000,1485,1680033,506652,109284,41,6227197,CD,48673
2018-10-01 00:00:00.000,1485,1680033,506652,109284,41,6227197,CF,4703
2018-10-01 00:00:00.000,1485,1680033,506652,109284,41,6227197,CG,18043
2018-10-01 00:00:00.000,1485,1680033,506652,109284,41,6227197,CH,1645
2018-10-01 00:00:00.000,1485,1680033,506652,109284,41,6227197,CI,108899
2018-10-01 00:00:00.000,1485,1680033,506652,109284,41,6227197,CM,99259
2018-10-01 00:00:00.000,1485,1680033,506652,109284,41,6227197,CN,1482
2018-10-01 00:00:00.000,1485,1680033,506652,109284,41,6227197,DE,3117
2018-10-01 00:00:00.000,1485,1680033,506652,109284,41,6227197,DJ,3250
2018-10-01 00:00:00.000,1485,1680033,506652,109284,41,6227197,DZ,38403
2018-10-01 00:00:00.000,1485,1680033,506652,109284,41,6227197,ES,2438
2018-10-01 00:00:00.000,1485,1680033,506652,109284,41,6227197,FR,71212
2018-10-01 00:00:00.000,1485,1680033,506652,109284,41,6227197,GA,23238
2018-10-01 00:00:00.000,1485,1680033,506652,109284,41,6227197,GB,1945
2018-10-01 00:00:00.000,1485,1680033,506652,109284,41,6227197,GF,1650
2018-10-01 00:00:00.000,1485,1680033,506652,109284,41,6227197,GH,2266
2018-10-01 00:00:00.000,1485,1680033,506652,109284,41,6227197,GN,35663
2018-10-01 00:00:00.000,1485,1680033,506652,109284,41,6227197,GP,5291
2018-10-01 00:00:00.000,1485,1680033,506652,109284,41,6227197,HT,22414
2018-10-01 00:00:00.000,1485,1680033,506652,109284,41,6227197,IT,6648
2018-10-01 00:00:00.000,1485,1680033,506652,109284,41,6227197,KM,4741
2018-10-01 00:00:00.000,1485,1680033,506652,109284,41,6227197,MA,12190
2018-10-01 00:00:00.000,1485,1680033,506652,109284,41,6227197,MG,71373
2018-10-01 00:00:00.000,1485,1680033,506652,109284,41,6227197,ML,39635
2018-10-01 00:00:00.000,1485,1680033,506652,109284,41,6227197,MQ,5345
2018-10-01 00:00:00.000,1485,1680033,506652,109284,41,6227197,MR,3972
2018-10-01 00:00:00.000,1485,1680033,506652,109284,41,6227197,MU,23717
2018-10-01 00:00:00.000,1485,1680033,506652,109284,41,6227197,NC,4912
2018-10-01 00:00:00.000,1485,1680033,506652,109284,41,6227197,NE,10128
2018-10-01 00:00:00.000,1485,1680033,506652,109284,41,6227197,PF,5062
2018-10-01 00:00:00.000,1485,1680033,506652,109284,41,6227197,RE,20603
2018-10-01 00:00:00.000,1485,1680033,506652,109284,41,6227197,RW,1539
2018-10-01 00:00:00.000,1485,1680033,506652,109284,41,6227197,SN,81789
2018-10-01 00:00:00.000,1485,1680033,506652,109284,41,6227197,TD,3216
2018-10-01 00:00:00.000,1485,1680033,506652,109284,41,6227197,TG,9732
2018-10-01 00:00:00.000,1485,1680033,506652,109284,41,6227197,TN,17466
2018-10-01 00:00:00.000,1485,1680033,506652,109284,41,6227197,US,11000
2018-10-01 00:00:00.000,1485,1680033,506652,109284,41,6227197,YT,1932
2018-10-01 00:00:00.000,1485,1680033,506652,109284,41,6227197,ZA,2374
2018-10-02 00:00:00.000,1570,1604910,519518,108324,51,6134215,AO,5771
2018-10-02 00:00:00.000,1570,1604910,519518,108324,51,6134215,BE,10056
2018-10-02 00:00:00.000,1570,1604910,519518,108324,51,6134215,BF,42210
2018-10-02 00:00:00.000,1570,1604910,519518,108324,51,6134215,BI,3114
2018-10-02 00:00:00.000,1570,1604910,519518,108324,51,6134215,BJ,13108
2018-10-02 00:00:00.000,1570,1604910,519518,108324,51,6134215,CA,10285
2018-10-02 00:00:00.000,1570,1604910,519518,108324,51,6134215,CD,48801
2018-10-02 00:00:00.000,1570,1604910,519518,108324,51,6134215,CF,4710
2018-10-02 00:00:00.000,1570,1604910,519518,108324,51,6134215,CG,18059
2018-10-02 00:00:00.000,1570,1604910,519518,108324,51,6134215,CH,1649
2018-10-02 00:00:00.000,1570,1604910,519518,108324,51,6134215,CI,109074
2018-10-02 00:00:00.000,1570,1604910,519518,108324,51,6134215,CM,99450
2018-10-02 00:00:00.000,1570,1604910,519518,108324,51,6134215,CN,1486
2018-10-02 00:00:00.000,1570,1604910,519518,108324,51,6134215,DE,3120
2018-10-02 00:00:00.000,1570,1604910,519518,108324,51,6134215,DJ,3251
2018-10-02 00:00:00.000,1570,1604910,519518,108324,51,6134215,DZ,38432
2018-10-02 00:00:00.000,1570,1604910,519518,108324,51,6134215,ES,2440
2018-10-02 00:00:00.000,1570,1604910,519518,108324,51,6134215,FR,71302
2018-10-02 00:00:00.000,1570,1604910,519518,108324,51,6134215,GA,23279
2018-10-02 00:00:00.000,1570,1604910,519518,108324,51,6134215,GB,1951
2018-10-02 00:00:00.000,1570,1604910,519518,108324,51,6134215,GF,1652
2018-10-02 00:00:00.000,1570,1604910,519518,108324,51,6134215,GH,2264
2018-10-02 00:00:00.000,1570,1604910,519518,108324,51,6134215,GN,35703
2018-10-02 00:00:00.000,1570,1604910,519518,108324,51,6134215,GP,5298
2018-10-02 00:00:00.000,1570,1604910,519518,108324,51,6134215,HT,22444
2018-10-02 00:00:00.000,1570,1604910,519518,108324,51,6134215,IT,6648
2018-10-02 00:00:00.000,1570,1604910,519518,108324,51,6134215,KM,4752
2018-10-02 00:00:00.000,1570,1604910,519518,108324,51,6134215,MA,12197
2018-10-02 00:00:00.000,1570,1604910,519518,108324,51,6134215,MG,71455
2018-10-02 00:00:00.000,1570,1604910,519518,108324,51,6134215,ML,39683
2018-10-02 00:00:00.000,1570,1604910,519518,108324,51,6134215,MQ,5346
2018-10-02 00:00:00.000,1570,1604910,519518,108324,51,6134215,MR,3978
2018-10-02 00:00:00.000,1570,1604910,519518,108324,51,6134215,MU,23727
2018-10-02 00:00:00.000,1570,1604910,519518,108324,51,6134215,NC,4919
2018-10-02 00:00:00.000,1570,1604910,519518,108324,51,6134215,NE,10139
2018-10-02 00:00:00.000,1570,1604910,519518,108324,51,6134215,PF,5070
2018-10-02 00:00:00.000,1570,1604910,519518,108324,51,6134215,RE,20615
2018-10-02 00:00:00.000,1570,1604910,519518,108324,51,6134215,RW,1544
2018-10-02 00:00:00.000,1570,1604910,519518,108324,51,6134215,SN,81890
2018-10-02 00:00:00.000,1570,1604910,519518,108324,51,6134215,TD,3221
2018-10-02 00:00:00.000,1570,1604910,519518,108324,51,6134215,TG,9738
2018-10-02 00:00:00.000,1570,1604910,519518,108324,51,6134215,TN,17487
2018-10-02 00:00:00.000,1570,1604910,519518,108324,51,6134215,US,11012
2018-10-02 00:00:00.000,1570,1604910,519518,108324,51,6134215,YT,1935
2018-10-02 00:00:00.000,1570,1604910,519518,108324,51,6134215,ZA,2382
2018-10-03 00:00:00.000,1571,1776709,506918,116122,46,6514905,AO,5789
2018-10-03 00:00:00.000,1571,1776709,506918,116122,46,6514905,BE,10166
2018-10-03 00:00:00.000,1571,1776709,506918,116122,46,6514905,BF,42306
2018-10-03 00:00:00.000,1571,1776709,506918,116122,46,6514905,BI,3123
2018-10-03 00:00:00.000,1571,1776709,506918,116122,46,6514905,BJ,13117
2018-10-03 00:00:00.000,1571,1776709,506918,116122,46,6514905,CA,10305
2018-10-03 00:00:00.000,1571,1776709,506918,116122,46,6514905,CD,48882
2018-10-03 00:00:00.000,1571,1776709,506918,116122,46,6514905,CF,4715
2018-10-03 00:00:00.000,1571,1776709,506918,116122,46,6514905,CG,18085
2018-10-03 00:00:00.000,1571,1776709,506918,116122,46,6514905,CH,1658
2018-10-03 00:00:00.000,1571,1776709,506918,116122,46,6514905,CI,109245
2018-10-03 00:00:00.000,1571,1776709,506918,116122,46,6514905,CM,99572
2018-10-03 00:00:00.000,1571,1776709,506918,116122,46,6514905,CN,1493
2018-10-03 00:00:00.000,1571,1776709,506918,116122,46,6514905,DE,3156
2018-10-03 00:00:00.000,1571,1776709,506918,116122,46,6514905,DJ,3265
2018-10-03 00:00:00.000,1571,1776709,506918,116122,46,6514905,DZ,38443
2018-10-03 00:00:00.000,1571,1776709,506918,116122,46,6514905,ES,2430
2018-10-03 00:00:00.000,1571,1776709,506918,116122,46,6514905,FR,71553
2018-10-03 00:00:00.000,1571,1776709,506918,116122,46,6514905,GA,23322
2018-10-03 00:00:00.000,1571,1776709,506918,116122,46,6514905,GB,1965
2018-10-03 00:00:00.000,1571,1776709,506918,116122,46,6514905,GF,1657
2018-10-03 00:00:00.000,1571,1776709,506918,116122,46,6514905,GH,2267
2018-10-03 00:00:00.000,1571,1776709,506918,116122,46,6514905,GN,35721
2018-10-03 00:00:00.000,1571,1776709,506918,116122,46,6514905,GP,5312
2018-10-03 00:00:00.000,1571,1776709,506918,116122,46,6514905,HT,22472
2018-10-03 00:00:00.000,1571,1776709,506918,116122,46,6514905,IT,6663
2018-10-03 00:00:00.000,1571,1776709,506918,116122,46,6514905,KM,4759
2018-10-03 00:00:00.000,1571,1776709,506918,116122,46,6514905,MA,12200
2018-10-03 00:00:00.000,1571,1776709,506918,116122,46,6514905,MG,71526
2018-10-03 00:00:00.000,1571,1776709,506918,116122,46,6514905,ML,39715
2018-10-03 00:00:00.000,1571,1776709,506918,116122,46,6514905,MQ,5347
2018-10-03 00:00:00.000,1571,1776709,506918,116122,46,6514905,MR,3986
2018-10-03 00:00:00.000,1571,1776709,506918,116122,46,6514905,MU,23747
2018-10-03 00:00:00.000,1571,1776709,506918,116122,46,6514905,NC,4918
2018-10-03 00:00:00.000,1571,1776709,506918,116122,46,6514905,NE,10155
2018-10-03 00:00:00.000,1571,1776709,506918,116122,46,6514905,PF,5072
2018-10-03 00:00:00.000,1571,1776709,506918,116122,46,6514905,RE,20649
2018-10-03 00:00:00.000,1571,1776709,506918,116122,46,6514905,RW,1543
2018-10-03 00:00:00.000,1571,1776709,506918,116122,46,6514905,SN,81954
2018-10-03 00:00:00.000,1571,1776709,506918,116122,46,6514905,TD,3220
2018-10-03 00:00:00.000,1571,1776709,506918,116122,46,6514905,TG,9747
2018-10-03 00:00:00.000,1571,1776709,506918,116122,46,6514905,TN,17506
2018-10-03 00:00:00.000,1571,1776709,506918,116122,46,6514905,US,11044
2018-10-03 00:00:00.000,1571,1776709,506918,116122,46,6514905,YT,1939
2018-10-03 00:00:00.000,1571,1776709,506918,116122,46,6514905,ZA,2392
2018-10-04 00:00:00.000,1571,1763473,507243,114578,55,6199481,AO,5800
2018-10-04 00:00:00.000,1571,1763473,507243,114578,55,6199481,BE,10175
2018-10-04 00:00:00.000,1571,1763473,507243,114578,55,6199481,BF,42379
2018-10-04 00:00:00.000,1571,1763473,507243,114578,55,6199481,BI,3130
2018-10-04 00:00:00.000,1571,1763473,507243,114578,55,6199481,BJ,13135
2018-10-04 00:00:00.000,1571,1763473,507243,114578,55,6199481,CA,10318
2018-10-04 00:00:00.000,1571,1763473,507243,114578,55,6199481,CD,48987
2018-10-04 00:00:00.000,1571,1763473,507243,114578,55,6199481,CF,4724
2018-10-04 00:00:00.000,1571,1763473,507243,114578,55,6199481,CG,18122
2018-10-04 00:00:00.000,1571,1763473,507243,114578,55,6199481,CH,1658
2018-10-04 00:00:00.000,1571,1763473,507243,114578,55,6199481,CI,109420
2018-10-04 00:00:00.000,1571,1763473,507243,114578,55,6199481,CM,99727
2018-10-04 00:00:00.000,1571,1763473,507243,114578,55,6199481,CN,1498
2018-10-04 00:00:00.000,1571,1763473,507243,114578,55,6199481,DE,3159
2018-10-04 00:00:00.000,1571,1763473,507243,114578,55,6199481,DJ,3271
2018-10-04 00:00:00.000,1571,1763473,507243,114578,55,6199481,DZ,38468
2018-10-04 00:00:00.000,1571,1763473,507243,114578,55,6199481,ES,2430
2018-10-04 00:00:00.000,1571,1763473,507243,114578,55,6199481,FR,71629
2018-10-04 00:00:00.000,1571,1763473,507243,114578,55,6199481,GA,23353
2018-10-04 00:00:00.000,1571,1763473,507243,114578,55,6199481,GB,1968
2018-10-04 00:00:00.000,1571,1763473,507243,114578,55,6199481,GF,1661
2018-10-04 00:00:00.000,1571,1763473,507243,114578,55,6199481,GH,2270
2018-10-04 00:00:00.000,1571,1763473,507243,114578,55,6199481,GN,35773
2018-10-04 00:00:00.000,1571,1763473,507243,114578,55,6199481,GP,5319
2018-10-04 00:00:00.000,1571,1763473,507243,114578,55,6199481,HT,22503
2018-10-04 00:00:00.000,1571,1763473,507243,114578,55,6199481,IT,6672
2018-10-04 00:00:00.000,1571,1763473,507243,114578,55,6199481,KM,4770
2018-10-04 00:00:00.000,1571,1763473,507243,114578,55,6199481,MA,12214
2018-10-04 00:00:00.000,1571,1763473,507243,114578,55,6199481,MG,71591
2018-10-04 00:00:00.000,1571,1763473,507243,114578,55,6199481,ML,39761
2018-10-04 00:00:00.000,1571,1763473,507243,114578,55,6199481,MQ,5353
2018-10-04 00:00:00.000,1571,1763473,507243,114578,55,6199481,MR,3991
2018-10-04 00:00:00.000,1571,1763473,507243,114578,55,6199481,MU,23776
2018-10-04 00:00:00.000,1571,1763473,507243,114578,55,6199481,NC,4925
2018-10-04 00:00:00.000,1571,1763473,507243,114578,55,6199481,NE,10169
2018-10-04 00:00:00.000,1571,1763473,507243,114578,55,6199481,PF,5073
2018-10-04 00:00:00.000,1571,1763473,507243,114578,55,6199481,RE,20667
2018-10-04 00:00:00.000,1571,1763473,507243,114578,55,6199481,RW,1547
2018-10-04 00:00:00.000,1571,1763473,507243,114578,55,6199481,SN,82058
2018-10-04 00:00:00.000,1571,1763473,507243,114578,55,6199481,TD,3224
2018-10-04 00:00:00.000,1571,1763473,507243,114578,55,6199481,TG,9761
2018-10-04 00:00:00.000,1571,1763473,507243,114578,55,6199481,TN,17519
2018-10-04 00:00:00.000,1571,1763473,507243,114578,55,6199481,US,11056
2018-10-04 00:00:00.000,1571,1763473,507243,114578,55,6199481,YT,1940
2018-10-04 00:00:00.000,1571,1763473,507243,114578,55,6199481,ZA,2395
2018-10-05 00:00:00.000,1596,1820084,528932,112382,49,6145437,AO,5809
2018-10-05 00:00:00.000,1596,1820084,528932,112382,49,6145437,BE,10187
2018-10-05 00:00:00.000,1596,1820084,528932,112382,49,6145437,BF,42458
2018-10-05 00:00:00.000,1596,1820084,528932,112382,49,6145437,BI,3137
2018-10-05 00:00:00.000,1596,1820084,528932,112382,49,6145437,BJ,13155
2018-10-05 00:00:00.000,1596,1820084,528932,112382,49,6145437,CA,10325
2018-10-05 00:00:00.000,1596,1820084,528932,112382,49,6145437,CD,49127
2018-10-05 00:00:00.000,1596,1820084,528932,112382,49,6145437,CF,4730
2018-10-05 00:00:00.000,1596,1820084,528932,112382,49,6145437,CG,18157
2018-10-05 00:00:00.000,1596,1820084,528932,112382,49,6145437,CH,1660
2018-10-05 00:00:00.000,1596,1820084,528932,112382,49,6145437,CI,109574
2018-10-05 00:00:00.000,1596,1820084,528932,112382,49,6145437,CM,99872
2018-10-05 00:00:00.000,1596,1820084,528932,112382,49,6145437,CN,1499
2018-10-05 00:00:00.000,1596,1820084,528932,112382,49,6145437,DE,3164
2018-10-05 00:00:00.000,1596,1820084,528932,112382,49,6145437,DJ,3283
2018-10-05 00:00:00.000,1596,1820084,528932,112382,49,6145437,DZ,38513
2018-10-05 00:00:00.000,1596,1820084,528932,112382,49,6145437,ES,2436
2018-10-05 00:00:00.000,1596,1820084,528932,112382,49,6145437,FR,71712
2018-10-05 00:00:00.000,1596,1820084,528932,112382,49,6145437,GA,23386
2018-10-05 00:00:00.000,1596,1820084,528932,112382,49,6145437,GB,1974
2018-10-05 00:00:00.000,1596,1820084,528932,112382,49,6145437,GF,1664
2018-10-05 00:00:00.000,1596,1820084,528932,112382,49,6145437,GH,2269
2018-10-05 00:00:00.000,1596,1820084,528932,112382,49,6145437,GN,35836
2018-10-05 00:00:00.000,1596,1820084,528932,112382,49,6145437,GP,5323
2018-10-05 00:00:00.000,1596,1820084,528932,112382,49,6145437,HT,22569
2018-10-05 00:00:00.000,1596,1820084,528932,112382,49,6145437,IT,6679
2018-10-05 00:00:00.000,1596,1820084,528932,112382,49,6145437,KM,4785
2018-10-05 00:00:00.000,1596,1820084,528932,112382,49,6145437,MA,12228
2018-10-05 00:00:00.000,1596,1820084,528932,112382,49,6145437,MG,71653
2018-10-05 00:00:00.000,1596,1820084,528932,112382,49,6145437,ML,39828
2018-10-05 00:00:00.000,1596,1820084,528932,112382,49,6145437,MQ,5365
2018-10-05 00:00:00.000,1596,1820084,528932,112382,49,6145437,MR,3994
2018-10-05 00:00:00.000,1596,1820084,528932,112382,49,6145437,MU,23803
2018-10-05 00:00:00.000,1596,1820084,528932,112382,49,6145437,NC,4935
2018-10-05 00:00:00.000,1596,1820084,528932,112382,49,6145437,NE,10182
2018-10-05 00:00:00.000,1596,1820084,528932,112382,49,6145437,PF,5079
2018-10-05 00:00:00.000,1596,1820084,528932,112382,49,6145437,RE,20678
2018-10-05 00:00:00.000,1596,1820084,528932,112382,49,6145437,RW,1550
2018-10-05 00:00:00.000,1596,1820084,528932,112382,49,6145437,SN,82141
2018-10-05 00:00:00.000,1596,1820084,528932,112382,49,6145437,TD,3227
2018-10-05 00:00:00.000,1596,1820084,528932,112382,49,6145437,TG,9771
2018-10-05 00:00:00.000,1596,1820084,528932,112382,49,6145437,TN,17528
2018-10-05 00:00:00.000,1596,1820084,528932,112382,49,6145437,US,11070
2018-10-05 00:00:00.000,1596,1820084,528932,112382,49,6145437,YT,1944
2018-10-05 00:00:00.000,1596,1820084,528932,112382,49,6145437,ZA,2406
2018-10-06 00:00:00.000,1570,1720385,535187,105004,60,6329891,AO,5817
2018-10-06 00:00:00.000,1570,1720385,535187,105004,60,6329891,BE,10198
2018-10-06 00:00:00.000,1570,1720385,535187,105004,60,6329891,BF,42537
2018-10-06 00:00:00.000,1570,1720385,535187,105004,60,6329891,BI,3146
2018-10-06 00:00:00.000,1570,1720385,535187,105004,60,6329891,BJ,13180
2018-10-06 00:00:00.000,1570,1720385,535187,105004,60,6329891,CA,10329
2018-10-06 00:00:00.000,1570,1720385,535187,105004,60,6329891,CD,49238
2018-10-06 00:00:00.000,1570,1720385,535187,105004,60,6329891,CF,4733
2018-10-06 00:00:00.000,1570,1720385,535187,105004,60,6329891,CG,18196
2018-10-06 00:00:00.000,1570,1720385,535187,105004,60,6329891,CH,1662
2018-10-06 00:00:00.000,1570,1720385,535187,105004,60,6329891,CI,109728
2018-10-06 00:00:00.000,1570,1720385,535187,105004,60,6329891,CM,100012
2018-10-06 00:00:00.000,1570,1720385,535187,105004,60,6329891,CN,1501
2018-10-06 00:00:00.000,1570,1720385,535187,105004,60,6329891,DE,3166
2018-10-06 00:00:00.000,1570,1720385,535187,105004,60,6329891,DJ,3287
2018-10-06 00:00:00.000,1570,1720385,535187,105004,60,6329891,DZ,38533
2018-10-06 00:00:00.000,1570,1720385,535187,105004,60,6329891,ES,2439
2018-10-06 00:00:00.000,1570,1720385,535187,105004,60,6329891,FR,71787
2018-10-06 00:00:00.000,1570,1720385,535187,105004,60,6329891,GA,23420
2018-10-06 00:00:00.000,1570,1720385,535187,105004,60,6329891,GB,1976
2018-10-06 00:00:00.000,1570,1720385,535187,105004,60,6329891,GF,1664
2018-10-06 00:00:00.000,1570,1720385,535187,105004,60,6329891,GH,2273
2018-10-06 00:00:00.000,1570,1720385,535187,105004,60,6329891,GN,35895
2018-10-06 00:00:00.000,1570,1720385,535187,105004,60,6329891,GP,5326
2018-10-06 00:00:00.000,1570,1720385,535187,105004,60,6329891,HT,22626
2018-10-06 00:00:00.000,1570,1720385,535187,105004,60,6329891,IT,6685
2018-10-06 00:00:00.000,1570,1720385,535187,105004,60,6329891,KM,4797
2018-10-06 00:00:00.000,1570,1720385,535187,105004,60,6329891,MA,12239
2018-10-06 00:00:00.000,1570,1720385,535187,105004,60,6329891,MG,71711
2018-10-06 00:00:00.000,1570,1720385,535187,105004,60,6329891,ML,39877
2018-10-06 00:00:00.000,1570,1720385,535187,105004,60,6329891,MQ,5367
2018-10-06 00:00:00.000,1570,1720385,535187,105004,60,6329891,MR,4004
2018-10-06 00:00:00.000,1570,1720385,535187,105004,60,6329891,MU,23827
2018-10-06 00:00:00.000,1570,1720385,535187,105004,60,6329891,NC,4941
2018-10-06 00:00:00.000,1570,1720385,535187,105004,60,6329891,NE,10200
2018-10-06 00:00:00.000,1570,1720385,535187,105004,60,6329891,PF,5082
2018-10-06 00:00:00.000,1570,1720385,535187,105004,60,6329891,RE,20693
2018-10-06 00:00:00.000,1570,1720385,535187,105004,60,6329891,RW,1551
2018-10-06 00:00:00.000,1570,1720385,535187,105004,60,6329891,SN,82225
2018-10-06 00:00:00.000,1570,1720385,535187,105004,60,6329891,TD,3229
2018-10-06 00:00:00.000,1570,1720385,535187,105004,60,6329891,TG,9784
2018-10-06 00:00:00.000,1570,1720385,535187,105004,60,6329891,TN,17547
2018-10-06 00:00:00.000,1570,1720385,535187,105004,60,6329891,US,11085
2018-10-06 00:00:00.000,1570,1720385,535187,105004,60,6329891,YT,1946
2018-10-06 00:00:00.000,1570,1720385,535187,105004,60,6329891,ZA,2408
2018-10-07 00:00:00.000,1849,1878386,539458,115112,54,6833887,AO,5833
2018-10-07 00:00:00.000,1849,1878386,539458,115112,54,6833887,BE,10245
2018-10-07 00:00:00.000,1849,1878386,539458,115112,54,6833887,BF,42586
2018-10-07 00:00:00.000,1849,1878386,539458,115112,54,6833887,BI,3152
2018-10-07 00:00:00.000,1849,1878386,539458,115112,54,6833887,BJ,13200
2018-10-07 00:00:00.000,1849,1878386,539458,115112,54,6833887,CA,10355
2018-10-07 00:00:00.000,1849,1878386,539458,115112,54,6833887,CD,49365
2018-10-07 00:00:00.000,1849,1878386,539458,115112,54,6833887,CF,4735
2018-10-07 00:00:00.000,1849,1878386,539458,115112,54,6833887,CG,18236
2018-10-07 00:00:00.000,1849,1878386,539458,115112,54,6833887,CH,1663
2018-10-07 00:00:00.000,1849,1878386,539458,115112,54,6833887,CI,109914
2018-10-07 00:00:00.000,1849,1878386,539458,115112,54,6833887,CM,100210
2018-10-07 00:00:00.000,1849,1878386,539458,115112,54,6833887,CN,1506
2018-10-07 00:00:00.000,1849,1878386,539458,115112,54,6833887,DE,3172
2018-10-07 00:00:00.000,1849,1878386,539458,115112,54,6833887,DJ,3299
2018-10-07 00:00:00.000,1849,1878386,539458,115112,54,6833887,DZ,38557
2018-10-07 00:00:00.000,1849,1878386,539458,115112,54,6833887,ES,2444
2018-10-07 00:00:00.000,1849,1878386,539458,115112,54,6833887,FR,71961
2018-10-07 00:00:00.000,1849,1878386,539458,115112,54,6833887,GA,23460
2018-10-07 00:00:00.000,1849,1878386,539458,115112,54,6833887,GB,1977
2018-10-07 00:00:00.000,1849,1878386,539458,115112,54,6833887,GF,1664
2018-10-07 00:00:00.000,1849,1878386,539458,115112,54,6833887,GH,2277
2018-10-07 00:00:00.000,1849,1878386,539458,115112,54,6833887,GN,35963
2018-10-07 00:00:00.000,1849,1878386,539458,115112,54,6833887,GP,5327
2018-10-07 00:00:00.000,1849,1878386,539458,115112,54,6833887,HT,22656
2018-10-07 00:00:00.000,1849,1878386,539458,115112,54,6833887,IT,6696
2018-10-07 00:00:00.000,1849,1878386,539458,115112,54,6833887,KM,4806
2018-10-07 00:00:00.000,1849,1878386,539458,115112,54,6833887,MA,12255
2018-10-07 00:00:00.000,1849,1878386,539458,115112,54,6833887,MG,71806
2018-10-07 00:00:00.000,1849,1878386,539458,115112,54,6833887,ML,39941
2018-10-07 00:00:00.000,1849,1878386,539458,115112,54,6833887,MQ,5371
2018-10-07 00:00:00.000,1849,1878386,539458,115112,54,6833887,MR,4008
2018-10-07 00:00:00.000,1849,1878386,539458,115112,54,6833887,MU,23839
2018-10-07 00:00:00.000,1849,1878386,539458,115112,54,6833887,NC,4948
2018-10-07 00:00:00.000,1849,1878386,539458,115112,54,6833887,NE,10216
2018-10-07 00:00:00.000,1849,1878386,539458,115112,54,6833887,PF,5088
2018-10-07 00:00:00.000,1849,1878386,539458,115112,54,6833887,RE,20706
2018-10-07 00:00:00.000,1849,1878386,539458,115112,54,6833887,RW,1558
2018-10-07 00:00:00.000,1849,1878386,539458,115112,54,6833887,SN,82335
2018-10-07 00:00:00.000,1849,1878386,539458,115112,54,6833887,TD,3233
2018-10-07 00:00:00.000,1849,1878386,539458,115112,54,6833887,TG,9803
2018-10-07 00:00:00.000,1849,1878386,539458,115112,54,6833887,TN,17577
2018-10-07 00:00:00.000,1849,1878386,539458,115112,54,6833887,US,11112
2018-10-07 00:00:00.000,1849,1878386,539458,115112,54,6833887,YT,1952
2018-10-07 00:00:00.000,1849,1878386,539458,115112,54,6833887,ZA,2415
2018-10-08 00:00:00.000,1971,1931462,555343,125268,59,6925862,AO,5850
2018-10-08 00:00:00.000,1971,1931462,555343,125268,59,6925862,BE,10255
2018-10-08 00:00:00.000,1971,1931462,555343,125268,59,6925862,BF,42664
2018-10-08 00:00:00.000,1971,1931462,555343,125268,59,6925862,BI,3160
2018-10-08 00:00:00.000,1971,1931462,555343,125268,59,6925862,BJ,13234
2018-10-08 00:00:00.000,1971,1931462,555343,125268,59,6925862,CA,10368
2018-10-08 00:00:00.000,1971,1931462,555343,125268,59,6925862,CD,49492
2018-10-08 00:00:00.000,1971,1931462,555343,125268,59,6925862,CF,4743
2018-10-08 00:00:00.000,1971,1931462,555343,125268,59,6925862,CG,18270
2018-10-08 00:00:00.000,1971,1931462,555343,125268,59,6925862,CH,1664
2018-10-08 00:00:00.000,1971,1931462,555343,125268,59,6925862,CI,110109
2018-10-08 00:00:00.000,1971,1931462,555343,125268,59,6925862,CM,100398
2018-10-08 00:00:00.000,1971,1931462,555343,125268,59,6925862,CN,1511
2018-10-08 00:00:00.000,1971,1931462,555343,125268,59,6925862,DE,3177
2018-10-08 00:00:00.000,1971,1931462,555343,125268,59,6925862,DJ,3312
2018-10-08 00:00:00.000,1971,1931462,555343,125268,59,6925862,DZ,38588
2018-10-08 00:00:00.000,1971,1931462,555343,125268,59,6925862,ES,2444
2018-10-08 00:00:00.000,1971,1931462,555343,125268,59,6925862,FR,72040
2018-10-08 00:00:00.000,1971,1931462,555343,125268,59,6925862,GA,23505
2018-10-08 00:00:00.000,1971,1931462,555343,125268,59,6925862,GB,1981
2018-10-08 00:00:00.000,1971,1931462,555343,125268,59,6925862,GF,1664
2018-10-08 00:00:00.000,1971,1931462,555343,125268,59,6925862,GH,2283
2018-10-08 00:00:00.000,1971,1931462,555343,125268,59,6925862,GN,36045
2018-10-08 00:00:00.000,1971,1931462,555343,125268,59,6925862,GP,5335
2018-10-08 00:00:00.000,1971,1931462,555343,125268,59,6925862,HT,22714
2018-10-08 00:00:00.000,1971,1931462,555343,125268,59,6925862,IT,6707
2018-10-08 00:00:00.000,1971,1931462,555343,125268,59,6925862,KM,4825
2018-10-08 00:00:00.000,1971,1931462,555343,125268,59,6925862,MA,12263
2018-10-08 00:00:00.000,1971,1931462,555343,125268,59,6925862,MG,71932
2018-10-08 00:00:00.000,1971,1931462,555343,125268,59,6925862,ML,40017
2018-10-08 00:00:00.000,1971,1931462,555343,125268,59,6925862,MQ,5381
2018-10-08 00:00:00.000,1971,1931462,555343,125268,59,6925862,MR,4015
2018-10-08 00:00:00.000,1971,1931462,555343,125268,59,6925862,MU,23884
2018-10-08 00:00:00.000,1971,1931462,555343,125268,59,6925862,NC,4958
2018-10-08 00:00:00.000,1971,1931462,555343,125268,59,6925862,NE,10233
2018-10-08 00:00:00.000,1971,1931462,555343,125268,59,6925862,PF,5093
2018-10-08 00:00:00.000,1971,1931462,555343,125268,59,6925862,RE,20728
2018-10-08 00:00:00.000,1971,1931462,555343,125268,59,6925862,RW,1559
2018-10-08 00:00:00.000,1971,1931462,555343,125268,59,6925862,SN,82469
2018-10-08 00:00:00.000,1971,1931462,555343,125268,59,6925862,TD,3234
2018-10-08 00:00:00.000,1971,1931462,555343,125268,59,6925862,TG,9820
2018-10-08 00:00:00.000,1971,1931462,555343,125268,59,6925862,TN,17627
2018-10-08 00:00:00.000,1971,1931462,555343,125268,59,6925862,US,11124
2018-10-08 00:00:00.000,1971,1931462,555343,125268,59,6925862,YT,1955
2018-10-08 00:00:00.000,1971,1931462,555343,125268,59,6925862,ZA,2422
2018-10-09 00:00:00.000,1800,1921633,569962,126961,45,6618874,AO,5867
2018-10-09 00:00:00.000,1800,1921633,569962,126961,45,6618874,BE,10352
2018-10-09 00:00:00.000,1800,1921633,569962,126961,45,6618874,BF,42747
2018-10-09 00:00:00.000,1800,1921633,569962,126961,45,6618874,BI,3166
2018-10-09 00:00:00.000,1800,1921633,569962,126961,45,6618874,BJ,13252
2018-10-09 00:00:00.000,1800,1921633,569962,126961,45,6618874,CA,10386
2018-10-09 00:00:00.000,1800,1921633,569962,126961,45,6618874,CD,49595
2018-10-09 00:00:00.000,1800,1921633,569962,126961,45,6618874,CF,4756
2018-10-09 00:00:00.000,1800,1921633,569962,126961,45,6618874,CG,18304
2018-10-09 00:00:00.000,1800,1921633,569962,126961,45,6618874,CH,1660
2018-10-09 00:00:00.000,1800,1921633,569962,126961,45,6618874,CI,110277
2018-10-09 00:00:00.000,1800,1921633,569962,126961,45,6618874,CM,100524
2018-10-09 00:00:00.000,1800,1921633,569962,126961,45,6618874,CN,1513
2018-10-09 00:00:00.000,1800,1921633,569962,126961,45,6618874,DE,3198
2018-10-09 00:00:00.000,1800,1921633,569962,126961,45,6618874,DJ,3326
2018-10-09 00:00:00.000,1800,1921633,569962,126961,45,6618874,DZ,38609
2018-10-09 00:00:00.000,1800,1921633,569962,126961,45,6618874,ES,2445
2018-10-09 00:00:00.000,1800,1921633,569962,126961,45,6618874,FR,72187
2018-10-09 00:00:00.000,1800,1921633,569962,126961,45,6618874,GA,23556
2018-10-09 00:00:00.000,1800,1921633,569962,126961,45,6618874,GB,1985
2018-10-09 00:00:00.000,1800,1921633,569962,126961,45,6618874,GF,1667
2018-10-09 00:00:00.000,1800,1921633,569962,126961,45,6618874,GH,2284
2018-10-09 00:00:00.000,1800,1921633,569962,126961,45,6618874,GN,36145
2018-10-09 00:00:00.000,1800,1921633,569962,126961,45,6618874,GP,5336
2018-10-09 00:00:00.000,1800,1921633,569962,126961,45,6618874,HT,22774
2018-10-09 00:00:00.000,1800,1921633,569962,126961,45,6618874,IT,6726
2018-10-09 00:00:00.000,1800,1921633,569962,126961,45,6618874,KM,4838
2018-10-09 00:00:00.000,1800,1921633,569962,126961,45,6618874,MA,12299
2018-10-09 00:00:00.000,1800,1921633,569962,126961,45,6618874,MG,72028
2018-10-09 00:00:00.000,1800,1921633,569962,126961,45,6618874,ML,40053
2018-10-09 00:00:00.000,1800,1921633,569962,126961,45,6618874,MQ,5391
2018-10-09 00:00:00.000,1800,1921633,569962,126961,45,6618874,MR,4017
2018-10-09 00:00:00.000,1800,1921633,569962,126961,45,6618874,MU,23918
2018-10-09 00:00:00.000,1800,1921633,569962,126961,45,6618874,NC,4969
2018-10-09 00:00:00.000,1800,1921633,569962,126961,45,6618874,NE,10237
2018-10-09 00:00:00.000,1800,1921633,569962,126961,45,6618874,PF,5098
2018-10-09 00:00:00.000,1800,1921633,569962,126961,45,6618874,RE,20754
2018-10-09 00:00:00.000,1800,1921633,569962,126961,45,6618874,RW,1564
2018-10-09 00:00:00.000,1800,1921633,569962,126961,45,6618874,SN,82551
2018-10-09 00:00:00.000,1800,1921633,569962,126961,45,6618874,TD,3233
2018-10-09 00:00:00.000,1800,1921633,569962,126961,45,6618874,TG,9824
2018-10-09 00:00:00.000,1800,1921633,569962,126961,45,6618874,TN,17676
2018-10-09 00:00:00.000,1800,1921633,569962,126961,45,6618874,US,11145
2018-10-09 00:00:00.000,1800,1921633,569962,126961,45,6618874,YT,1958
2018-10-09 00:00:00.000,1800,1921633,569962,126961,45,6618874,ZA,2437
2018-10-10 00:00:00.000,2039,2029139,588512,142742,73,7620247,AO,5887
2018-10-10 00:00:00.000,2039,2029139,588512,142742,73,7620247,BE,10452
2018-10-10 00:00:00.000,2039,2029139,588512,142742,73,7620247,BF,42843
2018-10-10 00:00:00.000,2039,2029139,588512,142742,73,7620247,BI,3169
2018-10-10 00:00:00.000,2039,2029139,588512,142742,73,7620247,BJ,13275
2018-10-10 00:00:00.000,2039,2029139,588512,142742,73,7620247,CA,10398
2018-10-10 00:00:00.000,2039,2029139,588512,142742,73,7620247,CD,49704
2018-10-10 00:00:00.000,2039,2029139,588512,142742,73,7620247,CF,4756
2018-10-10 00:00:00.000,2039,2029139,588512,142742,73,7620247,CG,18328
2018-10-10 00:00:00.000,2039,2029139,588512,142742,73,7620247,CH,1661
2018-10-10 00:00:00.000,2039,2029139,588512,142742,73,7620247,CI,110530
2018-10-10 00:00:00.000,2039,2029139,588512,142742,73,7620247,CM,100662
2018-10-10 00:00:00.000,2039,2029139,588512,142742,73,7620247,CN,1515
2018-10-10 00:00:00.000,2039,2029139,588512,142742,73,7620247,DE,3230
2018-10-10 00:00:00.000,2039,2029139,588512,142742,73,7620247,DJ,3336
2018-10-10 00:00:00.000,2039,2029139,588512,142742,73,7620247,DZ,38672
2018-10-10 00:00:00.000,2039,2029139,588512,142742,73,7620247,ES,2452
2018-10-10 00:00:00.000,2039,2029139,588512,142742,73,7620247,FR,72381
2018-10-10 00:00:00.000,2039,2029139,588512,142742,73,7620247,GA,23607
2018-10-10 00:00:00.000,2039,2029139,588512,142742,73,7620247,GB,1989
2018-10-10 00:00:00.000,2039,2029139,588512,142742,73,7620247,GF,1672
2018-10-10 00:00:00.000,2039,2029139,588512,142742,73,7620247,GH,2286
2018-10-10 00:00:00.000,2039,2029139,588512,142742,73,7620247,GN,36216
2018-10-10 00:00:00.000,2039,2029139,588512,142742,73,7620247,GP,5349
2018-10-10 00:00:00.000,2039,2029139,588512,142742,73,7620247,HT,22816
2018-10-10 00:00:00.000,2039,2029139,588512,142742,73,7620247,IT,6742
2018-10-10 00:00:00.000,2039,2029139,588512,142742,73,7620247,KM,4849
2018-10-10 00:00:00.000,2039,2029139,588512,142742,73,7620247,MA,12307
2018-10-10 00:00:00.000,2039,2029139,588512,142742,73,7620247,MG,72128
2018-10-10 00:00:00.000,2039,2029139,588512,142742,73,7620247,ML,40116
2018-10-10 00:00:00.000,2039,2029139,588512,142742,73,7620247,MQ,5392
2018-10-10 00:00:00.000,2039,2029139,588512,142742,73,7620247,MR,4017
2018-10-10 00:00:00.000,2039,2029139,588512,142742,73,7620247,MU,23959
2018-10-10 00:00:00.000,2039,2029139,588512,142742,73,7620247,NC,4982
2018-10-10 00:00:00.000,2039,2029139,588512,142742,73,7620247,NE,10242
2018-10-10 00:00:00.000,2039,2029139,588512,142742,73,7620247,PF,5109
2018-10-10 00:00:00.000,2039,2029139,588512,142742,73,7620247,RE,20768
2018-10-10 00:00:00.000,2039,2029139,588512,142742,73,7620247,RW,1570
2018-10-10 00:00:00.000,2039,2029139,588512,142742,73,7620247,SN,82663
2018-10-10 00:00:00.000,2039,2029139,588512,142742,73,7620247,TD,3236
2018-10-10 00:00:00.000,2039,2029139,588512,142742,73,7620247,TG,9833
2018-10-10 00:00:00.000,2039,2029139,588512,142742,73,7620247,TN,17710
2018-10-10 00:00:00.000,2039,2029139,588512,142742,73,7620247,US,11179
2018-10-10 00:00:00.000,2039,2029139,588512,142742,73,7620247,YT,1966
2018-10-10 00:00:00.000,2039,2029139,588512,142742,73,7620247,ZA,2448
2018-10-11 00:00:00.000,2260,2180130,611996,143357,62,7806434,AO,5905
2018-10-11 00:00:00.000,2260,2180130,611996,143357,62,7806434,BE,10562
2018-10-11 00:00:00.000,2260,2180130,611996,143357,62,7806434,BF,42980
2018-10-11 00:00:00.000,2260,2180130,611996,143357,62,7806434,BI,3183
2018-10-11 00:00:00.000,2260,2180130,611996,143357,62,7806434,BJ,13289
2018-10-11 00:00:00.000,2260,2180130,611996,143357,62,7806434,CA,10410
2018-10-11 00:00:00.000,2260,2180130,611996,143357,62,7806434,CD,49832
2018-10-11 00:00:00.000,2260,2180130,611996,143357,62,7806434,CF,4759
2018-10-11 00:00:00.000,2260,2180130,611996,143357,62,7806434,CG,18359
2018-10-11 00:00:00.000,2260,2180130,611996,143357,62,7806434,CH,1667
2018-10-11 00:00:00.000,2260,2180130,611996,143357,62,7806434,CI,110785
2018-10-11 00:00:00.000,2260,2180130,611996,143357,62,7806434,CM,100811
2018-10-11 00:00:00.000,2260,2180130,611996,143357,62,7806434,CN,1516
2018-10-11 00:00:00.000,2260,2180130,611996,143357,62,7806434,DE,3260
2018-10-11 00:00:00.000,2260,2180130,611996,143357,62,7806434,DJ,3349
2018-10-11 00:00:00.000,2260,2180130,611996,143357,62,7806434,DZ,38751
2018-10-11 00:00:00.000,2260,2180130,611996,143357,62,7806434,ES,2456
2018-10-11 00:00:00.000,2260,2180130,611996,143357,62,7806434,FR,72544
2018-10-11 00:00:00.000,2260,2180130,611996,143357,62,7806434,GA,23653
2018-10-11 00:00:00.000,2260,2180130,611996,143357,62,7806434,GB,2000
2018-10-11 00:00:00.000,2260,2180130,611996,143357,62,7806434,GF,1678
2018-10-11 00:00:00.000,2260,2180130,611996,143357,62,7806434,GH,2291
2018-10-11 00:00:00.000,2260,2180130,611996,143357,62,7806434,GN,36304
2018-10-11 00:00:00.000,2260,2180130,611996,143357,62,7806434,GP,5354
2018-10-11 00:00:00.000,2260,2180130,611996,143357,62,7806434,HT,22894
2018-10-11 00:00:00.000,2260,2180130,611996,143357,62,7806434,IT,6754
2018-10-11 00:00:00.000,2260,2180130,611996,143357,62,7806434,KM,4854
2018-10-11 00:00:00.000,2260,2180130,611996,143357,62,7806434,MA,12344
2018-10-11 00:00:00.000,2260,2180130,611996,143357,62,7806434,MG,72243
2018-10-11 00:00:00.000,2260,2180130,611996,143357,62,7806434,ML,40184
2018-10-11 00:00:00.000,2260,2180130,611996,143357,62,7806434,MQ,5400
2018-10-11 00:00:00.000,2260,2180130,611996,143357,62,7806434,MR,4029
2018-10-11 00:00:00.000,2260,2180130,611996,143357,62,7806434,MU,23996
2018-10-11 00:00:00.000,2260,2180130,611996,143357,62,7806434,NC,4994
2018-10-11 00:00:00.000,2260,2180130,611996,143357,62,7806434,NE,10253
2018-10-11 00:00:00.000,2260,2180130,611996,143357,62,7806434,PF,5114
2018-10-11 00:00:00.000,2260,2180130,611996,143357,62,7806434,RE,20783
2018-10-11 00:00:00.000,2260,2180130,611996,143357,62,7806434,RW,1583
2018-10-11 00:00:00.000,2260,2180130,611996,143357,62,7806434,SN,82820
2018-10-11 00:00:00.000,2260,2180130,611996,143357,62,7806434,TD,3237
2018-10-11 00:00:00.000,2260,2180130,611996,143357,62,7806434,TG,9850
2018-10-11 00:00:00.000,2260,2180130,611996,143357,62,7806434,TN,17732
2018-10-11 00:00:00.000,2260,2180130,611996,143357,62,7806434,US,11214
2018-10-11 00:00:00.000,2260,2180130,611996,143357,62,7806434,YT,1965
2018-10-11 00:00:00.000,2260,2180130,611996,143357,62,7806434,ZA,2454
2018-10-12 00:00:00.000,2143,2163699,624873,139706,61,7934949,AO,5927
2018-10-12 00:00:00.000,2143,2163699,624873,139706,61,7934949,BE,10617
2018-10-12 00:00:00.000,2143,2163699,624873,139706,61,7934949,BF,43073
2018-10-12 00:00:00.000,2143,2163699,624873,139706,61,7934949,BI,3192
2018-10-12 00:00:00.000,2143,2163699,624873,139706,61,7934949,BJ,13315
2018-10-12 00:00:00.000,2143,2163699,624873,139706,61,7934949,CA,10424
2018-10-12 00:00:00.000,2143,2163699,624873,139706,61,7934949,CD,49977
2018-10-12 00:00:00.000,2143,2163699,624873,139706,61,7934949,CF,4770
2018-10-12 00:00:00.000,2143,2163699,624873,139706,61,7934949,CG,18404
2018-10-12 00:00:00.000,2143,2163699,624873,139706,61,7934949,CH,1671
2018-10-12 00:00:00.000,2143,2163699,624873,139706,61,7934949,CI,110999
2018-10-12 00:00:00.000,2143,2163699,624873,139706,61,7934949,CM,101016
2018-10-12 00:00:00.000,2143,2163699,624873,139706,61,7934949,CN,1520
2018-10-12 00:00:00.000,2143,2163699,624873,139706,61,7934949,DE,3275
2018-10-12 00:00:00.000,2143,2163699,624873,139706,61,7934949,DJ,3358
2018-10-12 00:00:00.000,2143,2163699,624873,139706,61,7934949,DZ,38802
2018-10-12 00:00:00.000,2143,2163699,624873,139706,61,7934949,ES,2457
2018-10-12 00:00:00.000,2143,2163699,624873,139706,61,7934949,FR,72708
2018-10-12 00:00:00.000,2143,2163699,624873,139706,61,7934949,GA,23704
2018-10-12 00:00:00.000,2143,2163699,624873,139706,61,7934949,GB,2000
2018-10-12 00:00:00.000,2143,2163699,624873,139706,61,7934949,GF,1680
2018-10-12 00:00:00.000,2143,2163699,624873,139706,61,7934949,GH,2293
2018-10-12 00:00:00.000,2143,2163699,624873,139706,61,7934949,GN,36394
2018-10-12 00:00:00.000,2143,2163699,624873,139706,61,7934949,GP,5351
2018-10-12 00:00:00.000,2143,2163699,624873,139706,61,7934949,HT,22958
2018-10-12 00:00:00.000,2143,2163699,624873,139706,61,7934949,IT,6765
2018-10-12 00:00:00.000,2143,2163699,624873,139706,61,7934949,KM,4873
2018-10-12 00:00:00.000,2143,2163699,624873,139706,61,7934949,MA,12360
2018-10-12 00:00:00.000,2143,2163699,624873,139706,61,7934949,MG,72374
2018-10-12 00:00:00.000,2143,2163699,624873,139706,61,7934949,ML,40266
2018-10-12 00:00:00.000,2143,2163699,624873,139706,61,7934949,MQ,5402
2018-10-12 00:00:00.000,2143,2163699,624873,139706,61,7934949,MR,4032
2018-10-12 00:00:00.000,2143,2163699,624873,139706,61,7934949,MU,24028
2018-10-12 00:00:00.000,2143,2163699,624873,139706,61,7934949,NC,5002
2018-10-12 00:00:00.000,2143,2163699,624873,139706,61,7934949,NE,10272
2018-10-12 00:00:00.000,2143,2163699,624873,139706,61,7934949,PF,5120
2018-10-12 00:00:00.000,2143,2163699,624873,139706,61,7934949,RE,20797
2018-10-12 00:00:00.000,2143,2163699,624873,139706,61,7934949,RW,1589
2018-10-12 00:00:00.000,2143,2163699,624873,139706,61,7934949,SN,82942
2018-10-12 00:00:00.000,2143,2163699,624873,139706,61,7934949,TD,3242
2018-10-12 00:00:00.000,2143,2163699,624873,139706,61,7934949,TG,9866
2018-10-12 00:00:00.000,2143,2163699,624873,139706,61,7934949,TN,17759
2018-10-12 00:00:00.000,2143,2163699,624873,139706,61,7934949,US,11244
2018-10-12 00:00:00.000,2143,2163699,624873,139706,61,7934949,YT,1967
2018-10-12 00:00:00.000,2143,2163699,624873,139706,61,7934949,ZA,2466
2018-10-13 00:00:00.000,2095,2080414,645250,135629,53,8121651,AO,5934
2018-10-13 00:00:00.000,2095,2080414,645250,135629,53,8121651,BE,10630
2018-10-13 00:00:00.000,2095,2080414,645250,135629,53,8121651,BF,43161
2018-10-13 00:00:00.000,2095,2080414,645250,135629,53,8121651,BI,3200
2018-10-13 00:00:00.000,2095,2080414,645250,135629,53,8121651,BJ,13335
2018-10-13 00:00:00.000,2095,2080414,645250,135629,53,8121651,CA,10444
2018-10-13 00:00:00.000,2095,2080414,645250,135629,53,8121651,CD,50121
2018-10-13 00:00:00.000,2095,2080414,645250,135629,53,8121651,CF,4786
2018-10-13 00:00:00.000,2095,2080414,645250,135629,53,8121651,CG,18442
2018-10-13 00:00:00.000,2095,2080414,645250,135629,53,8121651,CH,1672
2018-10-13 00:00:00.000,2095,2080414,645250,135629,53,8121651,CI,111238
2018-10-13 00:00:00.000,2095,2080414,645250,135629,53,8121651,CM,101241
2018-10-13 00:00:00.000,2095,2080414,645250,135629,53,8121651,CN,1520
2018-10-13 00:00:00.000,2095,2080414,645250,135629,53,8121651,DE,3279
2018-10-13 00:00:00.000,2095,2080414,645250,135629,53,8121651,DJ,3365
2018-10-13 00:00:00.000,2095,2080414,645250,135629,53,8121651,DZ,38861
2018-10-13 00:00:00.000,2095,2080414,645250,135629,53,8121651,ES,2462
2018-10-13 00:00:00.000,2095,2080414,645250,135629,53,8121651,FR,72805
2018-10-13 00:00:00.000,2095,2080414,645250,135629,53,8121651,GA,23759
2018-10-13 00:00:00.000,2095,2080414,645250,135629,53,8121651,GB,2004
2018-10-13 00:00:00.000,2095,2080414,645250,135629,53,8121651,GF,1682
2018-10-13 00:00:00.000,2095,2080414,645250,135629,53,8121651,GH,2295
2018-10-13 00:00:00.000,2095,2080414,645250,135629,53,8121651,GN,36491
2018-10-13 00:00:00.000,2095,2080414,645250,135629,53,8121651,GP,5358
2018-10-13 00:00:00.000,2095,2080414,645250,135629,53,8121651,HT,23020
2018-10-13 00:00:00.000,2095,2080414,645250,135629,53,8121651,IT,6772
2018-10-13 00:00:00.000,2095,2080414,645250,135629,53,8121651,KM,4879
2018-10-13 00:00:00.000,2095,2080414,645250,135629,53,8121651,MA,12383
2018-10-13 00:00:00.000,2095,2080414,645250,135629,53,8121651,MG,72480
2018-10-13 00:00:00.000,2095,2080414,645250,135629,53,8121651,ML,40335
2018-10-13 00:00:00.000,2095,2080414,645250,135629,53,8121651,MQ,5407
2018-10-13 00:00:00.000,2095,2080414,645250,135629,53,8121651,MR,4043
2018-10-13 00:00:00.000,2095,2080414,645250,135629,53,8121651,MU,24072
2018-10-13 00:00:00.000,2095,2080414,645250,135629,53,8121651,NC,5010
2018-10-13 00:00:00.000,2095,2080414,645250,135629,53,8121651,NE,10292
2018-10-13 00:00:00.000,2095,2080414,645250,135629,53,8121651,PF,5123
2018-10-13 00:00:00.000,2095,2080414,645250,135629,53,8121651,RE,20820
2018-10-13 00:00:00.000,2095,2080414,645250,135629,53,8121651,RW,1595
2018-10-13 00:00:00.000,2095,2080414,645250,135629,53,8121651,SN,83085
2018-10-13 00:00:00.000,2095,2080414,645250,135629,53,8121651,TD,3249
2018-10-13 00:00:00.000,2095,2080414,645250,135629,53,8121651,TG,9876
2018-10-13 00:00:00.000,2095,2080414,645250,135629,53,8121651,TN,17788
2018-10-13 00:00:00.000,2095,2080414,645250,135629,53,8121651,US,11265
2018-10-13 00:00:00.000,2095,2080414,645250,135629,53,8121651,YT,1968
2018-09-19 00:00:00.000,1806,1779295,545446,120747,50,6363587,AO,5609
2018-09-19 00:00:00.000,1806,1779295,545446,120747,50,6363587,BE,9856
2018-09-19 00:00:00.000,1806,1779295,545446,120747,50,6363587,BF,41371
2018-09-19 00:00:00.000,1806,1779295,545446,120747,50,6363587,BI,3037
2018-09-19 00:00:00.000,1806,1779295,545446,120747,50,6363587,BJ,12917
2018-09-19 00:00:00.000,1806,1779295,545446,120747,50,6363587,CA,10098
2018-09-19 00:00:00.000,1806,1779295,545446,120747,50,6363587,CD,47524
2018-09-19 00:00:00.000,1806,1779295,545446,120747,50,6363587,CF,4617
2018-09-19 00:00:00.000,1806,1779295,545446,120747,50,6363587,CG,17707
2018-09-19 00:00:00.000,1806,1779295,545446,120747,50,6363587,CH,1627
2018-09-19 00:00:00.000,1806,1779295,545446,120747,50,6363587,CI,106846
2018-09-19 00:00:00.000,1806,1779295,545446,120747,50,6363587,CM,97535
2018-09-19 00:00:00.000,1806,1779295,545446,120747,50,6363587,CN,1471
2018-09-19 00:00:00.000,1806,1779295,545446,120747,50,6363587,DE,3041
2018-09-19 00:00:00.000,1806,1779295,545446,120747,50,6363587,DJ,3184
2018-09-19 00:00:00.000,1806,1779295,545446,120747,50,6363587,DZ,37900
2018-10-13 00:00:00.000,2095,2080414,645250,135629,53,8121651,ZA,2470
2018-10-14 00:00:00.000,2224,2240521,673010,135181,66,8853155,AO,5953
2018-10-14 00:00:00.000,2224,2240521,673010,135181,66,8853155,BE,10711
2018-10-14 00:00:00.000,2224,2240521,673010,135181,66,8853155,BF,43280
2018-10-14 00:00:00.000,2224,2240521,673010,135181,66,8853155,BI,3212
2018-10-14 00:00:00.000,2224,2240521,673010,135181,66,8853155,BJ,13369
2018-10-14 00:00:00.000,2224,2240521,673010,135181,66,8853155,CA,10464
2018-10-14 00:00:00.000,2224,2240521,673010,135181,66,8853155,CD,50295
2018-10-14 00:00:00.000,2224,2240521,673010,135181,66,8853155,CF,4790
2018-10-14 00:00:00.000,2224,2240521,673010,135181,66,8853155,CG,18500
2018-10-14 00:00:00.000,2224,2240521,673010,135181,66,8853155,CH,1673
2018-10-14 00:00:00.000,2224,2240521,673010,135181,66,8853155,CI,111553
2018-10-14 00:00:00.000,2224,2240521,673010,135181,66,8853155,CM,101564
2018-10-14 00:00:00.000,2224,2240521,673010,135181,66,8853155,CN,1521
2018-10-14 00:00:00.000,2224,2240521,673010,135181,66,8853155,DE,3301
2018-10-14 00:00:00.000,2224,2240521,673010,135181,66,8853155,DJ,3384
2018-10-14 00:00:00.000,2224,2240521,673010,135181,66,8853155,DZ,38981
2018-10-14 00:00:00.000,2224,2240521,673010,135181,66,8853155,ES,2464
2018-10-14 00:00:00.000,2224,2240521,673010,135181,66,8853155,FR,72992
2018-10-14 00:00:00.000,2224,2240521,673010,135181,66,8853155,GA,23834
2018-10-14 00:00:00.000,2224,2240521,673010,135181,66,8853155,GB,2014
2018-10-14 00:00:00.000,2224,2240521,673010,135181,66,8853155,GF,1687
2018-10-14 00:00:00.000,2224,2240521,673010,135181,66,8853155,GH,2314
2018-10-14 00:00:00.000,2224,2240521,673010,135181,66,8853155,GN,36608
2018-10-14 00:00:00.000,2224,2240521,673010,135181,66,8853155,GP,5366
2018-10-14 00:00:00.000,2224,2240521,673010,135181,66,8853155,HT,23116
2018-10-14 00:00:00.000,2224,2240521,673010,135181,66,8853155,IT,6784
2018-10-14 00:00:00.000,2224,2240521,673010,135181,66,8853155,KM,4898
2018-10-14 00:00:00.000,2224,2240521,673010,135181,66,8853155,MA,12421
2018-10-14 00:00:00.000,2224,2240521,673010,135181,66,8853155,MG,72663
2018-10-14 00:00:00.000,2224,2240521,673010,135181,66,8853155,ML,40430
2018-10-14 00:00:00.000,2224,2240521,673010,135181,66,8853155,MQ,5417
2018-10-14 00:00:00.000,2224,2240521,673010,135181,66,8853155,MR,4062
2018-10-14 00:00:00.000,2224,2240521,673010,135181,66,8853155,MU,24116
2018-10-14 00:00:00.000,2224,2240521,673010,135181,66,8853155,NC,5020
2018-10-14 00:00:00.000,2224,2240521,673010,135181,66,8853155,NE,10320
2018-10-14 00:00:00.000,2224,2240521,673010,135181,66,8853155,PF,5130
2018-10-14 00:00:00.000,2224,2240521,673010,135181,66,8853155,RE,20852
2018-10-14 00:00:00.000,2224,2240521,673010,135181,66,8853155,RW,1599
2018-10-14 00:00:00.000,2224,2240521,673010,135181,66,8853155,SN,83241
2018-10-14 00:00:00.000,2224,2240521,673010,135181,66,8853155,TD,3251
2018-10-14 00:00:00.000,2224,2240521,673010,135181,66,8853155,TG,9889
2018-10-14 00:00:00.000,2224,2240521,673010,135181,66,8853155,TN,17833
2018-10-14 00:00:00.000,2224,2240521,673010,135181,66,8853155,US,11299
2018-10-14 00:00:00.000,2224,2240521,673010,135181,66,8853155,YT,1974
2018-10-14 00:00:00.000,2224,2240521,673010,135181,66,8853155,ZA,2479
2018-10-15 00:00:00.000,2046,2220726,678622,145009,74,8885565,AO,5970
2018-10-15 00:00:00.000,2046,2220726,678622,145009,74,8885565,BE,10733
2018-10-15 00:00:00.000,2046,2220726,678622,145009,74,8885565,BF,43388
2018-10-15 00:00:00.000,2046,2220726,678622,145009,74,8885565,BI,3227
2018-10-15 00:00:00.000,2046,2220726,678622,145009,74,8885565,BJ,13411
2018-10-15 00:00:00.000,2046,2220726,678622,145009,74,8885565,CA,10473
2018-10-15 00:00:00.000,2046,2220726,678622,145009,74,8885565,CD,50505
2018-10-15 00:00:00.000,2046,2220726,678622,145009,74,8885565,CF,4801
2018-10-15 00:00:00.000,2046,2220726,678622,145009,74,8885565,CG,18550
2018-10-15 00:00:00.000,2046,2220726,678622,145009,74,8885565,CH,1673
2018-10-15 00:00:00.000,2046,2220726,678622,145009,74,8885565,CI,111819
2018-10-15 00:00:00.000,2046,2220726,678622,145009,74,8885565,CM,101894
2018-10-15 00:00:00.000,2046,2220726,678622,145009,74,8885565,CN,1519
2018-10-15 00:00:00.000,2046,2220726,678622,145009,74,8885565,DE,3306
2018-10-15 00:00:00.000,2046,2220726,678622,145009,74,8885565,DJ,3390
2018-10-15 00:00:00.000,2046,2220726,678622,145009,74,8885565,DZ,39036
2018-10-15 00:00:00.000,2046,2220726,678622,145009,74,8885565,ES,2469
2018-10-15 00:00:00.000,2046,2220726,678622,145009,74,8885565,FR,73122
2018-10-15 00:00:00.000,2046,2220726,678622,145009,74,8885565,GA,23879
2018-10-15 00:00:00.000,2046,2220726,678622,145009,74,8885565,GB,2017
2018-10-15 00:00:00.000,2046,2220726,678622,145009,74,8885565,GF,1687
2018-10-15 00:00:00.000,2046,2220726,678622,145009,74,8885565,GH,2323
2018-10-15 00:00:00.000,2046,2220726,678622,145009,74,8885565,GN,36711
2018-10-15 00:00:00.000,2046,2220726,678622,145009,74,8885565,GP,5378
2018-10-15 00:00:00.000,2046,2220726,678622,145009,74,8885565,HT,23182
2018-10-15 00:00:00.000,2046,2220726,678622,145009,74,8885565,IT,6800
2018-10-15 00:00:00.000,2046,2220726,678622,145009,74,8885565,KM,4906
2018-10-15 00:00:00.000,2046,2220726,678622,145009,74,8885565,MA,12445
2018-10-15 00:00:00.000,2046,2220726,678622,145009,74,8885565,MG,72811
2018-10-15 00:00:00.000,2046,2220726,678622,145009,74,8885565,ML,40498
2018-10-15 00:00:00.000,2046,2220726,678622,145009,74,8885565,MQ,5419
2018-10-15 00:00:00.000,2046,2220726,678622,145009,74,8885565,MR,4074
2018-10-15 00:00:00.000,2046,2220726,678622,145009,74,8885565,MU,24167
2018-10-15 00:00:00.000,2046,2220726,678622,145009,74,8885565,NC,5028
2018-10-15 00:00:00.000,2046,2220726,678622,145009,74,8885565,NE,10344
2018-10-15 00:00:00.000,2046,2220726,678622,145009,74,8885565,PF,5142
2018-10-15 00:00:00.000,2046,2220726,678622,145009,74,8885565,RE,20869
2018-10-15 00:00:00.000,2046,2220726,678622,145009,74,8885565,RW,1604
2018-10-15 00:00:00.000,2046,2220726,678622,145009,74,8885565,SN,83404
2018-10-15 00:00:00.000,2046,2220726,678622,145009,74,8885565,TD,3260
2018-10-15 00:00:00.000,2046,2220726,678622,145009,74,8885565,TG,9919
2018-10-15 00:00:00.000,2046,2220726,678622,145009,74,8885565,TN,17850
2018-10-15 00:00:00.000,2046,2220726,678622,145009,74,8885565,US,11326
2018-10-15 00:00:00.000,2046,2220726,678622,145009,74,8885565,YT,1978
2018-10-15 00:00:00.000,2046,2220726,678622,145009,74,8885565,ZA,2483
2018-10-16 00:00:00.000,2539,2387566,695301,174117,78,10113131,AO,5992
2018-10-16 00:00:00.000,2539,2387566,695301,174117,78,10113131,BE,10748
2018-10-16 00:00:00.000,2539,2387566,695301,174117,78,10113131,BF,43500
2018-10-16 00:00:00.000,2539,2387566,695301,174117,78,10113131,BI,3246
2018-10-16 00:00:00.000,2539,2387566,695301,174117,78,10113131,BJ,13444
2018-10-16 00:00:00.000,2539,2387566,695301,174117,78,10113131,CA,10489
2018-10-16 00:00:00.000,2539,2387566,695301,174117,78,10113131,CD,50705
2018-10-16 00:00:00.000,2539,2387566,695301,174117,78,10113131,CF,4819
2018-10-16 00:00:00.000,2539,2387566,695301,174117,78,10113131,CG,18612
2018-10-16 00:00:00.000,2539,2387566,695301,174117,78,10113131,CH,1679
2018-10-16 00:00:00.000,2539,2387566,695301,174117,78,10113131,CI,112160
2018-10-16 00:00:00.000,2539,2387566,695301,174117,78,10113131,CM,102211
2018-10-16 00:00:00.000,2539,2387566,695301,174117,78,10113131,CN,1522
2018-10-16 00:00:00.000,2539,2387566,695301,174117,78,10113131,DE,3319
2018-10-16 00:00:00.000,2539,2387566,695301,174117,78,10113131,DJ,3399
2018-10-16 00:00:00.000,2539,2387566,695301,174117,78,10113131,DZ,39093
2018-10-16 00:00:00.000,2539,2387566,695301,174117,78,10113131,ES,2477
2018-10-16 00:00:00.000,2539,2387566,695301,174117,78,10113131,FR,73252
2018-10-16 00:00:00.000,2539,2387566,695301,174117,78,10113131,GA,23954
2018-10-16 00:00:00.000,2539,2387566,695301,174117,78,10113131,GB,2025
2018-10-16 00:00:00.000,2539,2387566,695301,174117,78,10113131,GF,1687
2018-10-16 00:00:00.000,2539,2387566,695301,174117,78,10113131,GH,2329
2018-10-16 00:00:00.000,2539,2387566,695301,174117,78,10113131,GN,36821
2018-10-16 00:00:00.000,2539,2387566,695301,174117,78,10113131,GP,5379
2018-10-16 00:00:00.000,2539,2387566,695301,174117,78,10113131,HT,23270
2018-10-16 00:00:00.000,2539,2387566,695301,174117,78,10113131,IT,6809
2018-10-16 00:00:00.000,2539,2387566,695301,174117,78,10113131,KM,4925
2018-10-16 00:00:00.000,2539,2387566,695301,174117,78,10113131,MA,12465
2018-10-16 00:00:00.000,2539,2387566,695301,174117,78,10113131,MG,72956
2018-10-16 00:00:00.000,2539,2387566,695301,174117,78,10113131,ML,40578
2018-10-16 00:00:00.000,2539,2387566,695301,174117,78,10113131,MQ,5427
2018-10-16 00:00:00.000,2539,2387566,695301,174117,78,10113131,MR,4084
2018-10-16 00:00:00.000,2539,2387566,695301,174117,78,10113131,MU,24210
2018-10-16 00:00:00.000,2539,2387566,695301,174117,78,10113131,NC,5032
2018-10-16 00:00:00.000,2539,2387566,695301,174117,78,10113131,NE,10360
2018-10-16 00:00:00.000,2539,2387566,695301,174117,78,10113131,PF,5148
2018-10-16 00:00:00.000,2539,2387566,695301,174117,78,10113131,RE,20885
2018-10-16 00:00:00.000,2539,2387566,695301,174117,78,10113131,RW,1607
2018-10-16 00:00:00.000,2539,2387566,695301,174117,78,10113131,SN,83561
2018-10-16 00:00:00.000,2539,2387566,695301,174117,78,10113131,TD,3262
2018-10-16 00:00:00.000,2539,2387566,695301,174117,78,10113131,TG,9934
2018-10-16 00:00:00.000,2539,2387566,695301,174117,78,10113131,TN,17873
2018-10-16 00:00:00.000,2539,2387566,695301,174117,78,10113131,US,11355
2018-10-16 00:00:00.000,2539,2387566,695301,174117,78,10113131,YT,1983
2018-10-16 00:00:00.000,2539,2387566,695301,174117,78,10113131,ZA,2489
