"Date","SexeAge","NumberOfFans"
"2018-09-19 00:00:00.000","F.13-17",12544
"2018-09-19 00:00:00.000","F.18-24",116305
"2018-09-19 00:00:00.000","F.25-34",184532
"2018-09-19 00:00:00.000","F.35-44",96888
"2018-09-19 00:00:00.000","F.45-54",48730
"2018-09-19 00:00:00.000","F.55-64",27396
"2018-09-19 00:00:00.000","F.65+",37743
"2018-09-19 00:00:00.000","M.13-17",7559
"2018-09-19 00:00:00.000","M.18-24",81402
"2018-09-19 00:00:00.000","M.25-34",146319
"2018-09-19 00:00:00.000","M.35-44",82727
"2018-09-19 00:00:00.000","M.45-54",39125
"2018-09-19 00:00:00.000","M.55-64",19073
"2018-09-19 00:00:00.000","M.65+",26493
"2018-09-19 00:00:00.000","U.13-17",7
"2018-09-19 00:00:00.000","U.18-24",55
"2018-09-19 00:00:00.000","U.25-34",217
"2018-09-19 00:00:00.000","U.35-44",261
"2018-09-19 00:00:00.000","U.45-54",143
"2018-09-19 00:00:00.000","U.55-64",107
"2018-09-19 00:00:00.000","U.65+",94
"2018-09-20 00:00:00.000","F.13-17",12552
"2018-09-20 00:00:00.000","F.18-24",116480
"2018-09-20 00:00:00.000","F.25-34",184846
"2018-09-20 00:00:00.000","F.35-44",97063
"2018-09-20 00:00:00.000","F.45-54",48810
"2018-09-20 00:00:00.000","F.55-64",27428
"2018-09-20 00:00:00.000","F.65+",37798
"2018-09-20 00:00:00.000","M.13-17",7569
"2018-09-20 00:00:00.000","M.18-24",81535
"2018-09-20 00:00:00.000","M.25-34",146595
"2018-09-20 00:00:00.000","M.35-44",82850
"2018-09-20 00:00:00.000","M.45-54",39190
"2018-09-20 00:00:00.000","M.55-64",19100
"2018-09-20 00:00:00.000","M.65+",26541
"2018-09-20 00:00:00.000","U.13-17",7
"2018-09-20 00:00:00.000","U.18-24",55
"2018-09-20 00:00:00.000","U.25-34",218
"2018-09-20 00:00:00.000","U.35-44",260
"2018-09-20 00:00:00.000","U.45-54",144
"2018-09-20 00:00:00.000","U.55-64",107
"2018-09-20 00:00:00.000","U.65+",94
"2018-09-21 00:00:00.000","F.13-17",12539
"2018-09-21 00:00:00.000","F.18-24",116647
"2018-09-21 00:00:00.000","F.25-34",185169
"2018-09-21 00:00:00.000","F.35-44",97233
"2018-09-21 00:00:00.000","F.45-54",48871
"2018-09-21 00:00:00.000","F.55-64",27456
"2018-09-21 00:00:00.000","F.65+",37848
"2018-09-21 00:00:00.000","M.13-17",7571
"2018-09-21 00:00:00.000","M.18-24",81685
"2018-09-21 00:00:00.000","M.25-34",146850
"2018-09-21 00:00:00.000","M.35-44",82985
"2018-09-21 00:00:00.000","M.45-54",39257
"2018-09-21 00:00:00.000","M.55-64",19134
"2018-09-21 00:00:00.000","M.65+",26608
"2018-09-21 00:00:00.000","U.13-17",7
"2018-09-21 00:00:00.000","U.18-24",55
"2018-09-21 00:00:00.000","U.25-34",218
"2018-09-21 00:00:00.000","U.35-44",260
"2018-09-21 00:00:00.000","U.45-54",144
"2018-09-21 00:00:00.000","U.55-64",107
"2018-09-21 00:00:00.000","U.65+",94
"2018-09-22 00:00:00.000","F.13-17",12538
"2018-09-22 00:00:00.000","F.18-24",116788
"2018-09-22 00:00:00.000","F.25-34",185432
"2018-09-22 00:00:00.000","F.35-44",97385
"2018-09-22 00:00:00.000","F.45-54",48929
"2018-09-22 00:00:00.000","F.55-64",27495
"2018-09-22 00:00:00.000","F.65+",37901
"2018-09-22 00:00:00.000","M.13-17",7582
"2018-09-22 00:00:00.000","M.18-24",81831
"2018-09-22 00:00:00.000","M.25-34",147078
"2018-09-22 00:00:00.000","M.35-44",83105
"2018-09-22 00:00:00.000","M.45-54",39322
"2018-09-22 00:00:00.000","M.55-64",19163
"2018-09-22 00:00:00.000","M.65+",26648
"2018-09-22 00:00:00.000","U.13-17",7
"2018-09-22 00:00:00.000","U.18-24",55
"2018-09-22 00:00:00.000","U.25-34",218
"2018-09-22 00:00:00.000","U.35-44",260
"2018-09-22 00:00:00.000","U.45-54",144
"2018-09-22 00:00:00.000","U.55-64",107
"2018-09-22 00:00:00.000","U.65+",94
"2018-09-23 00:00:00.000","F.13-17",12549
"2018-09-23 00:00:00.000","F.18-24",116960
"2018-09-23 00:00:00.000","F.25-34",185700
"2018-09-23 00:00:00.000","F.35-44",97531
"2018-09-23 00:00:00.000","F.45-54",49006
"2018-09-23 00:00:00.000","F.55-64",27558
"2018-09-23 00:00:00.000","F.65+",37965
"2018-09-23 00:00:00.000","M.13-17",7590
"2018-09-23 00:00:00.000","M.18-24",81934
"2018-09-23 00:00:00.000","M.25-34",147308
"2018-09-23 00:00:00.000","M.35-44",83233
"2018-09-23 00:00:00.000","M.45-54",39395
"2018-09-23 00:00:00.000","M.55-64",19195
"2018-09-23 00:00:00.000","M.65+",26686
"2018-09-23 00:00:00.000","U.13-17",7
"2018-09-23 00:00:00.000","U.18-24",55
"2018-09-23 00:00:00.000","U.25-34",218
"2018-09-23 00:00:00.000","U.35-44",261
"2018-09-23 00:00:00.000","U.45-54",144
"2018-09-23 00:00:00.000","U.55-64",107
"2018-09-23 00:00:00.000","U.65+",94
"2018-09-24 00:00:00.000","F.13-17",12560
"2018-09-24 00:00:00.000","F.18-24",117115
"2018-09-24 00:00:00.000","F.25-34",185969
"2018-09-24 00:00:00.000","F.35-44",97713
"2018-09-24 00:00:00.000","F.45-54",49080
"2018-09-24 00:00:00.000","F.55-64",27602
"2018-09-24 00:00:00.000","F.65+",38018
"2018-09-24 00:00:00.000","M.13-17",7610
"2018-09-24 00:00:00.000","M.18-24",82061
"2018-09-24 00:00:00.000","M.25-34",147567
"2018-09-24 00:00:00.000","M.35-44",83358
"2018-09-24 00:00:00.000","M.45-54",39449
"2018-09-24 00:00:00.000","M.55-64",19241
"2018-09-24 00:00:00.000","M.65+",26733
"2018-09-24 00:00:00.000","U.13-17",7
"2018-09-24 00:00:00.000","U.18-24",55
"2018-09-24 00:00:00.000","U.25-34",218
"2018-09-24 00:00:00.000","U.35-44",262
"2018-09-24 00:00:00.000","U.45-54",144
"2018-09-24 00:00:00.000","U.55-64",107
"2018-09-24 00:00:00.000","U.65+",94
"2018-09-25 00:00:00.000","F.13-17",12519
"2018-09-25 00:00:00.000","F.18-24",117240
"2018-09-25 00:00:00.000","F.25-34",186296
"2018-09-25 00:00:00.000","F.35-44",97898
"2018-09-25 00:00:00.000","F.45-54",49159
"2018-09-25 00:00:00.000","F.55-64",27657
"2018-09-25 00:00:00.000","F.65+",38086
"2018-09-25 00:00:00.000","M.13-17",7601
"2018-09-25 00:00:00.000","M.18-24",82151
"2018-09-25 00:00:00.000","M.25-34",147845
"2018-09-25 00:00:00.000","M.35-44",83475
"2018-09-25 00:00:00.000","M.45-54",39517
"2018-09-25 00:00:00.000","M.55-64",19288
"2018-09-25 00:00:00.000","M.65+",26788
"2018-09-25 00:00:00.000","U.13-17",7
"2018-09-25 00:00:00.000","U.18-24",55
"2018-09-25 00:00:00.000","U.25-34",219
"2018-09-25 00:00:00.000","U.35-44",262
"2018-09-25 00:00:00.000","U.45-54",144
"2018-09-25 00:00:00.000","U.55-64",107
"2018-09-25 00:00:00.000","U.65+",95
"2018-09-26 00:00:00.000","F.13-17",12523
"2018-09-26 00:00:00.000","F.18-24",117401
"2018-09-26 00:00:00.000","F.25-34",186595
"2018-09-26 00:00:00.000","F.35-44",98072
"2018-09-26 00:00:00.000","F.45-54",49221
"2018-09-26 00:00:00.000","F.55-64",27694
"2018-09-26 00:00:00.000","F.65+",38146
"2018-09-26 00:00:00.000","M.13-17",7601
"2018-09-26 00:00:00.000","M.18-24",82270
"2018-09-26 00:00:00.000","M.25-34",148055
"2018-09-26 00:00:00.000","M.35-44",83581
"2018-09-26 00:00:00.000","M.45-54",39583
"2018-09-26 00:00:00.000","M.55-64",19314
"2018-09-26 00:00:00.000","M.65+",26843
"2018-09-26 00:00:00.000","U.13-17",7
"2018-09-26 00:00:00.000","U.18-24",55
"2018-09-26 00:00:00.000","U.25-34",219
"2018-09-26 00:00:00.000","U.35-44",262
"2018-09-26 00:00:00.000","U.45-54",144
"2018-09-26 00:00:00.000","U.55-64",107
"2018-09-26 00:00:00.000","U.65+",95
"2018-09-27 00:00:00.000","F.13-17",12547
"2018-09-27 00:00:00.000","F.18-24",117584
"2018-09-27 00:00:00.000","F.25-34",186889
"2018-09-27 00:00:00.000","F.35-44",98201
"2018-09-27 00:00:00.000","F.45-54",49294
"2018-09-27 00:00:00.000","F.55-64",27730
"2018-09-27 00:00:00.000","F.65+",38182
"2018-09-27 00:00:00.000","M.13-17",7621
"2018-09-27 00:00:00.000","M.18-24",82423
"2018-09-27 00:00:00.000","M.25-34",148315
"2018-09-27 00:00:00.000","M.35-44",83689
"2018-09-27 00:00:00.000","M.45-54",39631
"2018-09-27 00:00:00.000","M.55-64",19345
"2018-09-27 00:00:00.000","M.65+",26878
"2018-09-27 00:00:00.000","U.13-17",7
"2018-09-27 00:00:00.000","U.18-24",55
"2018-09-27 00:00:00.000","U.25-34",219
"2018-09-27 00:00:00.000","U.35-44",262
"2018-09-27 00:00:00.000","U.45-54",144
"2018-09-27 00:00:00.000","U.55-64",107
"2018-09-27 00:00:00.000","U.65+",95
"2018-09-28 00:00:00.000","F.13-17",12507
"2018-09-28 00:00:00.000","F.18-24",117726
"2018-09-28 00:00:00.000","F.25-34",187155
"2018-09-28 00:00:00.000","F.35-44",98345
"2018-09-28 00:00:00.000","F.45-54",49365
"2018-09-28 00:00:00.000","F.55-64",27775
"2018-09-28 00:00:00.000","F.65+",38233
"2018-09-28 00:00:00.000","M.13-17",7609
"2018-09-28 00:00:00.000","M.18-24",82549
"2018-09-28 00:00:00.000","M.25-34",148524
"2018-09-28 00:00:00.000","M.35-44",83850
"2018-09-28 00:00:00.000","M.45-54",39682
"2018-09-28 00:00:00.000","M.55-64",19386
"2018-09-28 00:00:00.000","M.65+",26938
"2018-09-28 00:00:00.000","U.13-17",7
"2018-09-28 00:00:00.000","U.18-24",55
"2018-09-28 00:00:00.000","U.25-34",220
"2018-09-28 00:00:00.000","U.35-44",263
"2018-09-28 00:00:00.000","U.45-54",144
"2018-09-28 00:00:00.000","U.55-64",107
"2018-09-28 00:00:00.000","U.65+",95
"2018-09-29 00:00:00.000","F.13-17",12512
"2018-09-29 00:00:00.000","F.18-24",117908
"2018-09-29 00:00:00.000","F.25-34",187471
"2018-09-29 00:00:00.000","F.35-44",98484
"2018-09-29 00:00:00.000","F.45-54",49442
"2018-09-29 00:00:00.000","F.55-64",27814
"2018-09-29 00:00:00.000","F.65+",38305
"2018-09-29 00:00:00.000","M.13-17",7617
"2018-09-29 00:00:00.000","M.18-24",82665
"2018-09-29 00:00:00.000","M.25-34",148741
"2018-09-29 00:00:00.000","M.35-44",83965
"2018-09-29 00:00:00.000","M.45-54",39741
"2018-09-29 00:00:00.000","M.55-64",19416
"2018-09-29 00:00:00.000","M.65+",26982
"2018-09-29 00:00:00.000","U.13-17",7
"2018-09-29 00:00:00.000","U.18-24",55
"2018-09-29 00:00:00.000","U.25-34",222
"2018-09-29 00:00:00.000","U.35-44",262
"2018-09-29 00:00:00.000","U.45-54",145
"2018-09-29 00:00:00.000","U.55-64",107
"2018-09-29 00:00:00.000","U.65+",95
"2018-09-30 00:00:00.000","F.13-17",12504
"2018-09-30 00:00:00.000","F.18-24",118073
"2018-09-30 00:00:00.000","F.25-34",187744
"2018-09-30 00:00:00.000","F.35-44",98636
"2018-09-30 00:00:00.000","F.45-54",49497
"2018-09-30 00:00:00.000","F.55-64",27863
"2018-09-30 00:00:00.000","F.65+",38359
"2018-09-30 00:00:00.000","M.13-17",7640
"2018-09-30 00:00:00.000","M.18-24",82790
"2018-09-30 00:00:00.000","M.25-34",148993
"2018-09-30 00:00:00.000","M.35-44",84082
"2018-09-30 00:00:00.000","M.45-54",39779
"2018-09-30 00:00:00.000","M.55-64",19447
"2018-09-30 00:00:00.000","M.65+",27011
"2018-09-30 00:00:00.000","U.13-17",7
"2018-09-30 00:00:00.000","U.18-24",55
"2018-09-30 00:00:00.000","U.25-34",222
"2018-09-30 00:00:00.000","U.35-44",263
"2018-09-30 00:00:00.000","U.45-54",146
"2018-09-30 00:00:00.000","U.55-64",107
"2018-09-30 00:00:00.000","U.65+",95
"2018-10-01 00:00:00.000","F.13-17",12530
"2018-10-01 00:00:00.000","F.18-24",118273
"2018-10-01 00:00:00.000","F.25-34",187992
"2018-10-01 00:00:00.000","F.35-44",98765
"2018-10-01 00:00:00.000","F.45-54",49552
"2018-10-01 00:00:00.000","F.55-64",27894
"2018-10-01 00:00:00.000","F.65+",38396
"2018-10-01 00:00:00.000","M.13-17",7659
"2018-10-01 00:00:00.000","M.18-24",82922
"2018-10-01 00:00:00.000","M.25-34",149218
"2018-10-01 00:00:00.000","M.35-44",84206
"2018-10-01 00:00:00.000","M.45-54",39832
"2018-10-01 00:00:00.000","M.55-64",19462
"2018-10-01 00:00:00.000","M.65+",27038
"2018-10-01 00:00:00.000","U.13-17",7
"2018-10-01 00:00:00.000","U.18-24",55
"2018-10-01 00:00:00.000","U.25-34",222
"2018-10-01 00:00:00.000","U.35-44",263
"2018-10-01 00:00:00.000","U.45-54",146
"2018-10-01 00:00:00.000","U.55-64",107
"2018-10-01 00:00:00.000","U.65+",95
"2018-10-02 00:00:00.000","F.13-17",12548
"2018-10-02 00:00:00.000","F.18-24",118441
"2018-10-02 00:00:00.000","F.25-34",188291
"2018-10-02 00:00:00.000","F.35-44",98922
"2018-10-02 00:00:00.000","F.45-54",49606
"2018-10-02 00:00:00.000","F.55-64",27937
"2018-10-02 00:00:00.000","F.65+",38448
"2018-10-02 00:00:00.000","M.13-17",7663
"2018-10-02 00:00:00.000","M.18-24",83036
"2018-10-02 00:00:00.000","M.25-34",149451
"2018-10-02 00:00:00.000","M.35-44",84333
"2018-10-02 00:00:00.000","M.45-54",39882
"2018-10-02 00:00:00.000","M.55-64",19501
"2018-10-02 00:00:00.000","M.65+",27078
"2018-10-02 00:00:00.000","U.13-17",7
"2018-10-02 00:00:00.000","U.18-24",55
"2018-10-02 00:00:00.000","U.25-34",222
"2018-10-02 00:00:00.000","U.35-44",263
"2018-10-02 00:00:00.000","U.45-54",146
"2018-10-02 00:00:00.000","U.55-64",107
"2018-10-02 00:00:00.000","U.65+",95
"2018-10-03 00:00:00.000","F.13-17",12489
"2018-10-03 00:00:00.000","F.18-24",118553
"2018-10-03 00:00:00.000","F.25-34",188634
"2018-10-03 00:00:00.000","F.35-44",99120
"2018-10-03 00:00:00.000","F.45-54",49701
"2018-10-03 00:00:00.000","F.55-64",27978
"2018-10-03 00:00:00.000","F.65+",38524
"2018-10-03 00:00:00.000","M.13-17",7637
"2018-10-03 00:00:00.000","M.18-24",83075
"2018-10-03 00:00:00.000","M.25-34",149699
"2018-10-03 00:00:00.000","M.35-44",84484
"2018-10-03 00:00:00.000","M.45-54",39975
"2018-10-03 00:00:00.000","M.55-64",19539
"2018-10-03 00:00:00.000","M.65+",27137
"2018-10-03 00:00:00.000","U.13-17",5
"2018-10-03 00:00:00.000","U.18-24",57
"2018-10-03 00:00:00.000","U.25-34",221
"2018-10-03 00:00:00.000","U.35-44",262
"2018-10-03 00:00:00.000","U.45-54",147
"2018-10-03 00:00:00.000","U.55-64",107
"2018-10-03 00:00:00.000","U.65+",95
"2018-10-04 00:00:00.000","F.13-17",12523
"2018-10-04 00:00:00.000","F.18-24",118756
"2018-10-04 00:00:00.000","F.25-34",188937
"2018-10-04 00:00:00.000","F.35-44",99233
"2018-10-04 00:00:00.000","F.45-54",49762
"2018-10-04 00:00:00.000","F.55-64",28005
"2018-10-04 00:00:00.000","F.65+",38558
"2018-10-04 00:00:00.000","M.13-17",7657
"2018-10-04 00:00:00.000","M.18-24",83214
"2018-10-04 00:00:00.000","M.25-34",149922
"2018-10-04 00:00:00.000","M.35-44",84615
"2018-10-04 00:00:00.000","M.45-54",40019
"2018-10-04 00:00:00.000","M.55-64",19573
"2018-10-04 00:00:00.000","M.65+",27173
"2018-10-04 00:00:00.000","U.13-17",5
"2018-10-04 00:00:00.000","U.18-24",57
"2018-10-04 00:00:00.000","U.25-34",221
"2018-10-04 00:00:00.000","U.35-44",262
"2018-10-04 00:00:00.000","U.45-54",147
"2018-10-04 00:00:00.000","U.55-64",107
"2018-10-04 00:00:00.000","U.65+",96
"2018-10-05 00:00:00.000","F.13-17",12563
"2018-10-05 00:00:00.000","F.18-24",118991
"2018-10-05 00:00:00.000","F.25-34",189196
"2018-10-05 00:00:00.000","F.35-44",99356
"2018-10-05 00:00:00.000","F.45-54",49822
"2018-10-05 00:00:00.000","F.55-64",28046
"2018-10-05 00:00:00.000","F.65+",38610
"2018-10-05 00:00:00.000","M.13-17",7675
"2018-10-05 00:00:00.000","M.18-24",83365
"2018-10-05 00:00:00.000","M.25-34",150141
"2018-10-05 00:00:00.000","M.35-44",84731
"2018-10-05 00:00:00.000","M.45-54",40087
"2018-10-05 00:00:00.000","M.55-64",19587
"2018-10-05 00:00:00.000","M.65+",27210
"2018-10-05 00:00:00.000","U.13-17",5
"2018-10-05 00:00:00.000","U.18-24",57
"2018-10-05 00:00:00.000","U.25-34",221
"2018-10-05 00:00:00.000","U.35-44",262
"2018-10-05 00:00:00.000","U.45-54",147
"2018-10-05 00:00:00.000","U.55-64",107
"2018-10-05 00:00:00.000","U.65+",97
"2018-10-06 00:00:00.000","F.13-17",12559
"2018-10-06 00:00:00.000","F.18-24",119132
"2018-10-06 00:00:00.000","F.25-34",189511
"2018-10-06 00:00:00.000","F.35-44",99499
"2018-10-06 00:00:00.000","F.45-54",49869
"2018-10-06 00:00:00.000","F.55-64",28100
"2018-10-06 00:00:00.000","F.65+",38657
"2018-10-06 00:00:00.000","M.13-17",7687
"2018-10-06 00:00:00.000","M.18-24",83459
"2018-10-06 00:00:00.000","M.25-34",150385
"2018-10-06 00:00:00.000","M.35-44",84882
"2018-10-06 00:00:00.000","M.45-54",40136
"2018-10-06 00:00:00.000","M.55-64",19616
"2018-10-06 00:00:00.000","M.65+",27259
"2018-10-06 00:00:00.000","U.13-17",5
"2018-10-06 00:00:00.000","U.18-24",57
"2018-10-06 00:00:00.000","U.25-34",222
"2018-10-06 00:00:00.000","U.35-44",262
"2018-10-06 00:00:00.000","U.45-54",147
"2018-10-06 00:00:00.000","U.55-64",108
"2018-10-06 00:00:00.000","U.65+",96
"2018-10-07 00:00:00.000","F.13-17",12554
"2018-10-07 00:00:00.000","F.18-24",119347
"2018-10-07 00:00:00.000","F.25-34",189860
"2018-10-07 00:00:00.000","F.35-44",99667
"2018-10-07 00:00:00.000","F.45-54",49934
"2018-10-07 00:00:00.000","F.55-64",28155
"2018-10-07 00:00:00.000","F.65+",38736
"2018-10-07 00:00:00.000","M.13-17",7692
"2018-10-07 00:00:00.000","M.18-24",83606
"2018-10-07 00:00:00.000","M.25-34",150681
"2018-10-07 00:00:00.000","M.35-44",85029
"2018-10-07 00:00:00.000","M.45-54",40209
"2018-10-07 00:00:00.000","M.55-64",19650
"2018-10-07 00:00:00.000","M.65+",27307
"2018-10-07 00:00:00.000","U.13-17",5
"2018-10-07 00:00:00.000","U.18-24",57
"2018-10-07 00:00:00.000","U.25-34",223
"2018-10-07 00:00:00.000","U.35-44",263
"2018-10-07 00:00:00.000","U.45-54",148
"2018-10-07 00:00:00.000","U.55-64",108
"2018-10-07 00:00:00.000","U.65+",97
"2018-10-08 00:00:00.000","F.13-17",12557
"2018-10-08 00:00:00.000","F.18-24",119579
"2018-10-08 00:00:00.000","F.25-34",190216
"2018-10-08 00:00:00.000","F.35-44",99851
"2018-10-08 00:00:00.000","F.45-54",50013
"2018-10-08 00:00:00.000","F.55-64",28215
"2018-10-08 00:00:00.000","F.65+",38803
"2018-10-08 00:00:00.000","M.13-17",7698
"2018-10-08 00:00:00.000","M.18-24",83791
"2018-10-08 00:00:00.000","M.25-34",151010
"2018-10-08 00:00:00.000","M.35-44",85162
"2018-10-08 00:00:00.000","M.45-54",40277
"2018-10-08 00:00:00.000","M.55-64",19689
"2018-10-08 00:00:00.000","M.65+",27359
"2018-10-08 00:00:00.000","U.13-17",5
"2018-10-08 00:00:00.000","U.18-24",57
"2018-10-08 00:00:00.000","U.25-34",224
"2018-10-08 00:00:00.000","U.35-44",264
"2018-10-08 00:00:00.000","U.45-54",148
"2018-10-08 00:00:00.000","U.55-64",108
"2018-10-08 00:00:00.000","U.65+",97
"2018-10-09 00:00:00.000","F.13-17",12557
"2018-10-09 00:00:00.000","F.18-24",119777
"2018-10-09 00:00:00.000","F.25-34",190569
"2018-10-09 00:00:00.000","F.35-44",100008
"2018-10-09 00:00:00.000","F.45-54",50075
"2018-10-09 00:00:00.000","F.55-64",28263
"2018-10-09 00:00:00.000","F.65+",38861
"2018-10-09 00:00:00.000","M.13-17",7710
"2018-10-09 00:00:00.000","M.18-24",83950
"2018-10-09 00:00:00.000","M.25-34",151284
"2018-10-09 00:00:00.000","M.35-44",85327
"2018-10-09 00:00:00.000","M.45-54",40340
"2018-10-09 00:00:00.000","M.55-64",19708
"2018-10-09 00:00:00.000","M.65+",27426
"2018-10-09 00:00:00.000","U.13-17",5
"2018-10-09 00:00:00.000","U.18-24",57
"2018-10-09 00:00:00.000","U.25-34",224
"2018-10-09 00:00:00.000","U.35-44",264
"2018-10-09 00:00:00.000","U.45-54",149
"2018-10-09 00:00:00.000","U.55-64",107
"2018-10-09 00:00:00.000","U.65+",98
"2018-10-10 00:00:00.000","F.13-17",12578
"2018-10-10 00:00:00.000","F.18-24",119955
"2018-10-10 00:00:00.000","F.25-34",190962
"2018-10-10 00:00:00.000","F.35-44",100197
"2018-10-10 00:00:00.000","F.45-54",50161
"2018-10-10 00:00:00.000","F.55-64",28303
"2018-10-10 00:00:00.000","F.65+",38927
"2018-10-10 00:00:00.000","M.13-17",7722
"2018-10-10 00:00:00.000","M.18-24",84144
"2018-10-10 00:00:00.000","M.25-34",151599
"2018-10-10 00:00:00.000","M.35-44",85500
"2018-10-10 00:00:00.000","M.45-54",40436
"2018-10-10 00:00:00.000","M.55-64",19753
"2018-10-10 00:00:00.000","M.65+",27495
"2018-10-10 00:00:00.000","U.13-17",5
"2018-10-10 00:00:00.000","U.18-24",57
"2018-10-10 00:00:00.000","U.25-34",224
"2018-10-10 00:00:00.000","U.35-44",264
"2018-10-10 00:00:00.000","U.45-54",150
"2018-10-10 00:00:00.000","U.55-64",107
"2018-10-10 00:00:00.000","U.65+",98
"2018-10-11 00:00:00.000","F.13-17",12539
"2018-10-11 00:00:00.000","F.18-24",120155
"2018-10-11 00:00:00.000","F.25-34",191440
"2018-10-11 00:00:00.000","F.35-44",100405
"2018-10-11 00:00:00.000","F.45-54",50269
"2018-10-11 00:00:00.000","F.55-64",28374
"2018-10-11 00:00:00.000","F.65+",39013
"2018-10-11 00:00:00.000","M.13-17",7691
"2018-10-11 00:00:00.000","M.18-24",84312
"2018-10-11 00:00:00.000","M.25-34",152046
"2018-10-11 00:00:00.000","M.35-44",85700
"2018-10-11 00:00:00.000","M.45-54",40539
"2018-10-11 00:00:00.000","M.55-64",19803
"2018-10-11 00:00:00.000","M.65+",27552
"2018-10-11 00:00:00.000","U.13-17",5
"2018-10-11 00:00:00.000","U.18-24",58
"2018-10-11 00:00:00.000","U.25-34",225
"2018-10-11 00:00:00.000","U.35-44",264
"2018-10-11 00:00:00.000","U.45-54",150
"2018-10-11 00:00:00.000","U.55-64",107
"2018-10-11 00:00:00.000","U.65+",99
"2018-10-12 00:00:00.000","F.13-17",12551
"2018-10-12 00:00:00.000","F.18-24",120435
"2018-10-12 00:00:00.000","F.25-34",191870
"2018-10-12 00:00:00.000","F.35-44",100634
"2018-10-12 00:00:00.000","F.45-54",50341
"2018-10-12 00:00:00.000","F.55-64",28424
"2018-10-12 00:00:00.000","F.65+",39092
"2018-10-12 00:00:00.000","M.13-17",7711
"2018-10-12 00:00:00.000","M.18-24",84485
"2018-10-12 00:00:00.000","M.25-34",152342
"2018-10-12 00:00:00.000","M.35-44",85883
"2018-10-12 00:00:00.000","M.45-54",40620
"2018-10-12 00:00:00.000","M.55-64",19843
"2018-10-12 00:00:00.000","M.65+",27614
"2018-10-12 00:00:00.000","U.13-17",5
"2018-10-12 00:00:00.000","U.18-24",59
"2018-10-12 00:00:00.000","U.25-34",224
"2018-10-12 00:00:00.000","U.35-44",265
"2018-10-12 00:00:00.000","U.45-54",150
"2018-10-12 00:00:00.000","U.55-64",108
"2018-10-12 00:00:00.000","U.65+",99
"2018-10-13 00:00:00.000","F.13-17",12590
"2018-10-13 00:00:00.000","F.18-24",120696
"2018-10-13 00:00:00.000","F.25-34",192238
"2018-10-13 00:00:00.000","F.35-44",100819
"2018-10-13 00:00:00.000","F.45-54",50414
"2018-10-13 00:00:00.000","F.55-64",28469
"2018-10-13 00:00:00.000","F.65+",39152
"2018-10-13 00:00:00.000","M.13-17",7734
"2018-10-13 00:00:00.000","M.18-24",84710
"2018-10-13 00:00:00.000","M.25-34",152669
"2018-10-13 00:00:00.000","M.35-44",86043
"2018-10-13 00:00:00.000","M.45-54",40690
"2018-10-13 00:00:00.000","M.55-64",19888
"2018-10-13 00:00:00.000","M.65+",27666
"2018-10-13 00:00:00.000","U.13-17",5
"2018-10-13 00:00:00.000","U.18-24",61
"2018-10-13 00:00:00.000","U.25-34",224
"2018-10-13 00:00:00.000","U.35-44",267
"2018-10-13 00:00:00.000","U.45-54",150
"2018-10-13 00:00:00.000","U.55-64",108
"2018-10-13 00:00:00.000","U.65+",99
"2018-10-14 00:00:00.000","F.13-17",12554
"2018-10-14 00:00:00.000","F.18-24",120899
"2018-10-14 00:00:00.000","F.25-34",192690
"2018-10-14 00:00:00.000","F.35-44",101024
"2018-10-14 00:00:00.000","F.45-54",50523
"2018-10-14 00:00:00.000","F.55-64",28545
"2018-10-14 00:00:00.000","F.65+",39235
"2018-10-14 00:00:00.000","M.13-17",7737
"2018-10-14 00:00:00.000","M.18-24",84895
"2018-10-14 00:00:00.000","M.25-34",153059
"2018-10-14 00:00:00.000","M.35-44",86230
"2018-10-14 00:00:00.000","M.45-54",40787
"2018-10-14 00:00:00.000","M.55-64",19953
"2018-10-14 00:00:00.000","M.65+",27747
"2018-10-14 00:00:00.000","U.13-17",5
"2018-10-14 00:00:00.000","U.18-24",61
"2018-10-14 00:00:00.000","U.25-34",226
"2018-10-14 00:00:00.000","U.35-44",267
"2018-10-14 00:00:00.000","U.45-54",149
"2018-10-14 00:00:00.000","U.55-64",109
"2018-10-14 00:00:00.000","U.65+",99
"2018-10-15 00:00:00.000","F.13-17",12557
"2018-10-15 00:00:00.000","F.18-24",121161
"2018-10-15 00:00:00.000","F.25-34",193060
"2018-10-15 00:00:00.000","F.35-44",101220
"2018-10-15 00:00:00.000","F.45-54",50599
"2018-10-15 00:00:00.000","F.55-64",28590
"2018-10-15 00:00:00.000","F.65+",39319
"2018-10-15 00:00:00.000","M.13-17",7737
"2018-10-15 00:00:00.000","M.18-24",85082
"2018-10-15 00:00:00.000","M.25-34",153363
"2018-10-15 00:00:00.000","M.35-44",86412
"2018-10-15 00:00:00.000","M.45-54",40868
"2018-10-15 00:00:00.000","M.55-64",19994
"2018-10-15 00:00:00.000","M.65+",27817
"2018-10-15 00:00:00.000","U.13-17",5
"2018-10-15 00:00:00.000","U.18-24",61
"2018-10-15 00:00:00.000","U.25-34",227
"2018-10-15 00:00:00.000","U.35-44",267
"2018-10-15 00:00:00.000","U.45-54",149
"2018-10-15 00:00:00.000","U.55-64",109
"2018-10-15 00:00:00.000","U.65+",99
"2018-10-16 00:00:00.000","F.13-17",12569
"2018-10-16 00:00:00.000","F.18-24",121419
"2018-10-16 00:00:00.000","F.25-34",193566
"2018-10-16 00:00:00.000","F.35-44",101435
"2018-10-16 00:00:00.000","F.45-54",50695
"2018-10-16 00:00:00.000","F.55-64",28636
"2018-10-16 00:00:00.000","F.65+",39408
"2018-10-16 00:00:00.000","M.13-17",7758
"2018-10-16 00:00:00.000","M.18-24",85307
"2018-10-16 00:00:00.000","M.25-34",153788
"2018-10-16 00:00:00.000","M.35-44",86633
"2018-10-16 00:00:00.000","M.45-54",40960
"2018-10-16 00:00:00.000","M.55-64",20047
"2018-10-16 00:00:00.000","M.65+",27872
"2018-10-16 00:00:00.000","U.13-17",5
"2018-10-16 00:00:00.000","U.18-24",61
"2018-10-16 00:00:00.000","U.25-34",227
"2018-10-16 00:00:00.000","U.35-44",267
"2018-10-16 00:00:00.000","U.45-54",149
"2018-10-16 00:00:00.000","U.55-64",110
"2018-10-16 00:00:00.000","U.65+",99
