Date,NewLikes,DailyPostsReach,WeeklyPostShares,DailyPostShares,DailyPageActions,DailyPostsImpression,City,NumberOfFans
2018-09-19 00:00:00.000,1806,1779295,545446,120747,50,6363587,Abidjan,85759
2018-09-19 00:00:00.000,1806,1779295,545446,120747,50,6363587,Alger,10917
2018-09-19 00:00:00.000,1806,1779295,545446,120747,50,6363587,Antananarivo,38085
2018-09-19 00:00:00.000,1806,1779295,545446,120747,50,6363587,Béjaïa,2300
2018-09-19 00:00:00.000,1806,1779295,545446,120747,50,6363587,Bamako,31353
2018-09-19 00:00:00.000,1806,1779295,545446,120747,50,6363587,Bangui,4349
2018-09-19 00:00:00.000,1806,1779295,545446,120747,50,6363587,Bobo-Dioulasso,4532
2018-09-19 00:00:00.000,1806,1779295,545446,120747,50,6363587,Bouaké,3108
2018-09-19 00:00:00.000,1806,1779295,545446,120747,50,6363587,Brazzaville,10210
2018-09-19 00:00:00.000,1806,1779295,545446,120747,50,6363587,Bujumbura,2525
2018-09-19 00:00:00.000,1806,1779295,545446,120747,50,6363587,Casablanca,3891
2018-09-19 00:00:00.000,1806,1779295,545446,120747,50,6363587,Cocody,2556
2018-09-19 00:00:00.000,1806,1779295,545446,120747,50,6363587,Conakry,30445
2018-09-19 00:00:00.000,1806,1779295,545446,120747,50,6363587,Cotonou,9236
2018-09-19 00:00:00.000,1806,1779295,545446,120747,50,6363587,Dakar,51371
2018-09-19 00:00:00.000,1806,1779295,545446,120747,50,6363587,Djibouti (ville),3078
2018-09-19 00:00:00.000,1806,1779295,545446,120747,50,6363587,Douala,44514
2018-09-19 00:00:00.000,1806,1779295,545446,120747,50,6363587,Fianarantsoa,2316
2018-09-19 00:00:00.000,1806,1779295,545446,120747,50,6363587,Jaúnde,12689
2018-09-19 00:00:00.000,1806,1779295,545446,120747,50,6363587,Kinshasa,31351
2018-09-19 00:00:00.000,1806,1779295,545446,120747,50,6363587,Libreville,19166
2018-09-19 00:00:00.000,1806,1779295,545446,120747,50,6363587,Lomé,8912
2018-09-19 00:00:00.000,1806,1779295,545446,120747,50,6363587,Luanda,4527
2018-09-19 00:00:00.000,1806,1779295,545446,120747,50,6363587,Lubumbashi,5497
2018-09-19 00:00:00.000,1806,1779295,545446,120747,50,6363587,Montréal,2825
2018-09-19 00:00:00.000,1806,1779295,545446,120747,50,6363587,Moroni,2931
2018-09-19 00:00:00.000,1806,1779295,545446,120747,50,6363587,N'Djaména,2865
2018-09-19 00:00:00.000,1806,1779295,545446,120747,50,6363587,Ngaoundéré,2247
2018-09-19 00:00:00.000,1806,1779295,545446,120747,50,6363587,Niamey,7867
2018-09-19 00:00:00.000,1806,1779295,545446,120747,50,6363587,Nouakchott,3384
2018-09-19 00:00:00.000,1806,1779295,545446,120747,50,6363587,Nouméa,2905
2018-09-19 00:00:00.000,1806,1779295,545446,120747,50,6363587,Oran,2852
2018-09-19 00:00:00.000,1806,1779295,545446,120747,50,6363587,Ouagadougou,31566
2018-09-19 00:00:00.000,1806,1779295,545446,120747,50,6363587,Paris,15878
2018-09-19 00:00:00.000,1806,1779295,545446,120747,50,6363587,Pointe-Noire,6335
2018-09-19 00:00:00.000,1806,1779295,545446,120747,50,6363587,Port-Louis,7047
2018-09-19 00:00:00.000,1806,1779295,545446,120747,50,6363587,Port-au-Prince,11065
2018-09-19 00:00:00.000,1806,1779295,545446,120747,50,6363587,Région de Bruxelles-Capitale,2570
2018-09-19 00:00:00.000,1806,1779295,545446,120747,50,6363587,Saint-Denis (La Réunion),3730
2018-09-19 00:00:00.000,1806,1779295,545446,120747,50,6363587,Saint-Pierre (La Réunion),2281
2018-09-19 00:00:00.000,1806,1779295,545446,120747,50,6363587,Tananarive,7101
2018-09-19 00:00:00.000,1806,1779295,545446,120747,50,6363587,Thiès,3832
2018-09-19 00:00:00.000,1806,1779295,545446,120747,50,6363587,Tizi Ouzou,2398
2018-09-19 00:00:00.000,1806,1779295,545446,120747,50,6363587,Tunis,6586
2018-09-19 00:00:00.000,1806,1779295,545446,120747,50,6363587,Yaoundé,19800
2018-09-20 00:00:00.000,1648,1642344,549501,109788,41,6013914,Abidjan,85663
2018-09-20 00:00:00.000,1648,1642344,549501,109788,41,6013914,Alger,10723
2018-09-20 00:00:00.000,1648,1642344,549501,109788,41,6013914,Antananarivo,38115
2018-09-20 00:00:00.000,1648,1642344,549501,109788,41,6013914,Béjaïa,2287
2018-09-20 00:00:00.000,1648,1642344,549501,109788,41,6013914,Bamako,31282
2018-09-20 00:00:00.000,1648,1642344,549501,109788,41,6013914,Bangui,4363
2018-09-20 00:00:00.000,1648,1642344,549501,109788,41,6013914,Bobo-Dioulasso,4512
2018-09-20 00:00:00.000,1648,1642344,549501,109788,41,6013914,Bouaké,3132
2018-09-20 00:00:00.000,1648,1642344,549501,109788,41,6013914,Brazzaville,10229
2018-09-20 00:00:00.000,1648,1642344,549501,109788,41,6013914,Bujumbura,2527
2018-09-20 00:00:00.000,1648,1642344,549501,109788,41,6013914,Casablanca,3904
2018-09-20 00:00:00.000,1648,1642344,549501,109788,41,6013914,Cocody,2639
2018-09-20 00:00:00.000,1648,1642344,549501,109788,41,6013914,Conakry,30463
2018-09-20 00:00:00.000,1648,1642344,549501,109788,41,6013914,Cotonou,9231
2018-09-20 00:00:00.000,1648,1642344,549501,109788,41,6013914,Dakar,51405
2018-09-20 00:00:00.000,1648,1642344,549501,109788,41,6013914,Djibouti (ville),3084
2018-09-20 00:00:00.000,1648,1642344,549501,109788,41,6013914,Douala,44439
2018-09-20 00:00:00.000,1648,1642344,549501,109788,41,6013914,Fianarantsoa,2324
2018-09-20 00:00:00.000,1648,1642344,549501,109788,41,6013914,Jaúnde,12592
2018-09-20 00:00:00.000,1648,1642344,549501,109788,41,6013914,Kinshasa,31449
2018-09-20 00:00:00.000,1648,1642344,549501,109788,41,6013914,Libreville,19168
2018-09-20 00:00:00.000,1648,1642344,549501,109788,41,6013914,Lomé,8930
2018-09-20 00:00:00.000,1648,1642344,549501,109788,41,6013914,Luanda,4541
2018-09-20 00:00:00.000,1648,1642344,549501,109788,41,6013914,Lubumbashi,5503
2018-09-20 00:00:00.000,1648,1642344,549501,109788,41,6013914,Montréal,2829
2018-09-20 00:00:00.000,1648,1642344,549501,109788,41,6013914,Moroni,2941
2018-09-20 00:00:00.000,1648,1642344,549501,109788,41,6013914,N'Djaména,2871
2018-09-20 00:00:00.000,1648,1642344,549501,109788,41,6013914,Ngaoundéré,2260
2018-09-20 00:00:00.000,1648,1642344,549501,109788,41,6013914,Niamey,7850
2018-09-20 00:00:00.000,1648,1642344,549501,109788,41,6013914,Nouakchott,3386
2018-09-20 00:00:00.000,1648,1642344,549501,109788,41,6013914,Nouméa,2917
2018-09-20 00:00:00.000,1648,1642344,549501,109788,41,6013914,Oran,3002
2018-09-20 00:00:00.000,1648,1642344,549501,109788,41,6013914,Ouagadougou,31603
2018-09-20 00:00:00.000,1648,1642344,549501,109788,41,6013914,Paris,15919
2018-09-20 00:00:00.000,1648,1642344,549501,109788,41,6013914,Pointe-Noire,6349
2018-09-20 00:00:00.000,1648,1642344,549501,109788,41,6013914,Port-Louis,7092
2018-09-20 00:00:00.000,1648,1642344,549501,109788,41,6013914,Port-au-Prince,11063
2018-09-20 00:00:00.000,1648,1642344,549501,109788,41,6013914,Région de Bruxelles-Capitale,2569
2018-09-20 00:00:00.000,1648,1642344,549501,109788,41,6013914,Saint-Denis (La Réunion),3734
2018-09-20 00:00:00.000,1648,1642344,549501,109788,41,6013914,Saint-Pierre (La Réunion),2277
2018-09-20 00:00:00.000,1648,1642344,549501,109788,41,6013914,Tananarive,7126
2018-09-20 00:00:00.000,1648,1642344,549501,109788,41,6013914,Thiès,3836
2018-09-20 00:00:00.000,1648,1642344,549501,109788,41,6013914,Tizi Ouzou,2419
2018-09-20 00:00:00.000,1648,1642344,549501,109788,41,6013914,Tunis,6612
2018-09-20 00:00:00.000,1648,1642344,549501,109788,41,6013914,Yaoundé,20039
2018-09-21 00:00:00.000,1637,1588295,557356,103741,48,5790110,Abidjan,85670
2018-09-21 00:00:00.000,1637,1588295,557356,103741,48,5790110,Alger,10662
2018-09-21 00:00:00.000,1637,1588295,557356,103741,48,5790110,Antananarivo,38246
2018-09-21 00:00:00.000,1637,1588295,557356,103741,48,5790110,Béjaïa,2307
2018-09-21 00:00:00.000,1637,1588295,557356,103741,48,5790110,Bamako,31250
2018-09-21 00:00:00.000,1637,1588295,557356,103741,48,5790110,Bangui,4370
2018-09-21 00:00:00.000,1637,1588295,557356,103741,48,5790110,Bobo-Dioulasso,4532
2018-09-21 00:00:00.000,1637,1588295,557356,103741,48,5790110,Bouaké,3152
2018-09-21 00:00:00.000,1637,1588295,557356,103741,48,5790110,Brazzaville,10232
2018-09-21 00:00:00.000,1637,1588295,557356,103741,48,5790110,Bujumbura,2534
2018-09-21 00:00:00.000,1637,1588295,557356,103741,48,5790110,Casablanca,3917
2018-09-21 00:00:00.000,1637,1588295,557356,103741,48,5790110,Cocody,2707
2018-09-21 00:00:00.000,1637,1588295,557356,103741,48,5790110,Conakry,30524
2018-09-21 00:00:00.000,1637,1588295,557356,103741,48,5790110,Cotonou,9234
2018-09-21 00:00:00.000,1637,1588295,557356,103741,48,5790110,Dakar,51481
2018-09-21 00:00:00.000,1637,1588295,557356,103741,48,5790110,Djibouti (ville),3095
2018-09-21 00:00:00.000,1637,1588295,557356,103741,48,5790110,Douala,44638
2018-09-21 00:00:00.000,1637,1588295,557356,103741,48,5790110,Fianarantsoa,2337
2018-09-21 00:00:00.000,1637,1588295,557356,103741,48,5790110,Jaúnde,12502
2018-09-21 00:00:00.000,1637,1588295,557356,103741,48,5790110,Kinshasa,31538
2018-09-21 00:00:00.000,1637,1588295,557356,103741,48,5790110,Libreville,19174
2018-09-21 00:00:00.000,1637,1588295,557356,103741,48,5790110,Lomé,8946
2018-09-21 00:00:00.000,1637,1588295,557356,103741,48,5790110,Luanda,4544
2018-09-21 00:00:00.000,1637,1588295,557356,103741,48,5790110,Lubumbashi,5500
2018-09-21 00:00:00.000,1637,1588295,557356,103741,48,5790110,Montréal,2842
2018-09-21 00:00:00.000,1637,1588295,557356,103741,48,5790110,Moroni,2967
2018-09-21 00:00:00.000,1637,1588295,557356,103741,48,5790110,N'Djaména,2873
2018-09-21 00:00:00.000,1637,1588295,557356,103741,48,5790110,Ngaoundéré,2277
2018-09-21 00:00:00.000,1637,1588295,557356,103741,48,5790110,Niamey,7830
2018-09-21 00:00:00.000,1637,1588295,557356,103741,48,5790110,Nouakchott,3395
2018-09-21 00:00:00.000,1637,1588295,557356,103741,48,5790110,Nouméa,2916
2018-09-21 00:00:00.000,1637,1588295,557356,103741,48,5790110,Oran,3036
2018-09-21 00:00:00.000,1637,1588295,557356,103741,48,5790110,Ouagadougou,31585
2018-09-21 00:00:00.000,1637,1588295,557356,103741,48,5790110,Paris,15982
2018-09-21 00:00:00.000,1637,1588295,557356,103741,48,5790110,Pointe-Noire,6369
2018-09-21 00:00:00.000,1637,1588295,557356,103741,48,5790110,Port-Louis,7383
2018-09-21 00:00:00.000,1637,1588295,557356,103741,48,5790110,Port-au-Prince,11083
2018-09-21 00:00:00.000,1637,1588295,557356,103741,48,5790110,Région de Bruxelles-Capitale,2566
2018-09-21 00:00:00.000,1637,1588295,557356,103741,48,5790110,Saint-Denis (La Réunion),3734
2018-09-21 00:00:00.000,1637,1588295,557356,103741,48,5790110,Saint-Pierre (La Réunion),2281
2018-09-21 00:00:00.000,1637,1588295,557356,103741,48,5790110,Tananarive,7090
2018-09-21 00:00:00.000,1637,1588295,557356,103741,48,5790110,Thiès,3856
2018-09-21 00:00:00.000,1637,1588295,557356,103741,48,5790110,Tizi Ouzou,2471
2018-09-21 00:00:00.000,1637,1588295,557356,103741,48,5790110,Tunis,6600
2018-09-21 00:00:00.000,1637,1588295,557356,103741,48,5790110,Yaoundé,20027
2018-09-22 00:00:00.000,1464,1549743,549797,103908,40,5514635,Abidjan,85534
2018-09-22 00:00:00.000,1464,1549743,549797,103908,40,5514635,Alger,10643
2018-09-22 00:00:00.000,1464,1549743,549797,103908,40,5514635,Antananarivo,38277
2018-09-22 00:00:00.000,1464,1549743,549797,103908,40,5514635,Béjaïa,2310
2018-09-22 00:00:00.000,1464,1549743,549797,103908,40,5514635,Bamako,31211
2018-09-22 00:00:00.000,1464,1549743,549797,103908,40,5514635,Bangui,4375
2018-09-22 00:00:00.000,1464,1549743,549797,103908,40,5514635,Bobo-Dioulasso,4564
2018-09-22 00:00:00.000,1464,1549743,549797,103908,40,5514635,Bouaké,3181
2018-09-22 00:00:00.000,1464,1549743,549797,103908,40,5514635,Brazzaville,10225
2018-09-22 00:00:00.000,1464,1549743,549797,103908,40,5514635,Bujumbura,2536
2018-09-22 00:00:00.000,1464,1549743,549797,103908,40,5514635,Casablanca,3924
2018-09-22 00:00:00.000,1464,1549743,549797,103908,40,5514635,Cocody,2783
2018-09-22 00:00:00.000,1464,1549743,549797,103908,40,5514635,Conakry,30546
2018-09-22 00:00:00.000,1464,1549743,549797,103908,40,5514635,Cotonou,9247
2018-09-22 00:00:00.000,1464,1549743,549797,103908,40,5514635,Dakar,51535
2018-09-22 00:00:00.000,1464,1549743,549797,103908,40,5514635,Djibouti (ville),3103
2018-09-22 00:00:00.000,1464,1549743,549797,103908,40,5514635,Douala,44736
2018-09-22 00:00:00.000,1464,1549743,549797,103908,40,5514635,Fianarantsoa,2335
2018-09-22 00:00:00.000,1464,1549743,549797,103908,40,5514635,Jaúnde,12391
2018-09-22 00:00:00.000,1464,1549743,549797,103908,40,5514635,Kinshasa,31591
2018-09-22 00:00:00.000,1464,1549743,549797,103908,40,5514635,Libreville,19193
2018-09-22 00:00:00.000,1464,1549743,549797,103908,40,5514635,Lomé,8948
2018-09-22 00:00:00.000,1464,1549743,549797,103908,40,5514635,Luanda,4545
2018-09-22 00:00:00.000,1464,1549743,549797,103908,40,5514635,Lubumbashi,5507
2018-09-22 00:00:00.000,1464,1549743,549797,103908,40,5514635,Montréal,2846
2018-09-22 00:00:00.000,1464,1549743,549797,103908,40,5514635,Moroni,2976
2018-09-22 00:00:00.000,1464,1549743,549797,103908,40,5514635,N'Djaména,2873
2018-09-22 00:00:00.000,1464,1549743,549797,103908,40,5514635,Ngaoundéré,2286
2018-09-22 00:00:00.000,1464,1549743,549797,103908,40,5514635,Niamey,7818
2018-09-22 00:00:00.000,1464,1549743,549797,103908,40,5514635,Nouakchott,3399
2018-09-22 00:00:00.000,1464,1549743,549797,103908,40,5514635,Nouméa,2927
2018-09-22 00:00:00.000,1464,1549743,549797,103908,40,5514635,Oran,3050
2018-09-22 00:00:00.000,1464,1549743,549797,103908,40,5514635,Ouagadougou,31580
2018-09-22 00:00:00.000,1464,1549743,549797,103908,40,5514635,Paris,16054
2018-09-22 00:00:00.000,1464,1549743,549797,103908,40,5514635,Pointe-Noire,6386
2018-09-22 00:00:00.000,1464,1549743,549797,103908,40,5514635,Port-Louis,7394
2018-09-22 00:00:00.000,1464,1549743,549797,103908,40,5514635,Port-au-Prince,11120
2018-09-22 00:00:00.000,1464,1549743,549797,103908,40,5514635,Région de Bruxelles-Capitale,2567
2018-09-22 00:00:00.000,1464,1549743,549797,103908,40,5514635,Saint-Denis (La Réunion),3744
2018-09-22 00:00:00.000,1464,1549743,549797,103908,40,5514635,Saint-Pierre (La Réunion),2282
2018-09-22 00:00:00.000,1464,1549743,549797,103908,40,5514635,Tananarive,7112
2018-09-22 00:00:00.000,1464,1549743,549797,103908,40,5514635,Thiès,3850
2018-09-22 00:00:00.000,1464,1549743,549797,103908,40,5514635,Tizi Ouzou,2479
2018-09-22 00:00:00.000,1464,1549743,549797,103908,40,5514635,Tunis,6625
2018-09-22 00:00:00.000,1464,1549743,549797,103908,40,5514635,Yaoundé,20181
2018-09-23 00:00:00.000,1557,1581070,543822,104842,43,5755811,Abidjan,85679
2018-09-23 00:00:00.000,1557,1581070,543822,104842,43,5755811,Alger,10655
2018-09-23 00:00:00.000,1557,1581070,543822,104842,43,5755811,Antananarivo,38318
2018-09-23 00:00:00.000,1557,1581070,543822,104842,43,5755811,Béjaïa,2313
2018-09-23 00:00:00.000,1557,1581070,543822,104842,43,5755811,Bamako,31265
2018-09-23 00:00:00.000,1557,1581070,543822,104842,43,5755811,,3200
2018-09-23 00:00:00.000,1557,1581070,543822,104842,43,5755811,Bangui,4384
2018-09-23 00:00:00.000,1557,1581070,543822,104842,43,5755811,Bobo-Dioulasso,4575
2018-09-23 00:00:00.000,1557,1581070,543822,104842,43,5755811,Bouaké,3187
2018-09-23 00:00:00.000,1557,1581070,543822,104842,43,5755811,Brazzaville,10238
2018-09-23 00:00:00.000,1557,1581070,543822,104842,43,5755811,Bujumbura,2538
2018-09-23 00:00:00.000,1557,1581070,543822,104842,43,5755811,Casablanca,3927
2018-09-23 00:00:00.000,1557,1581070,543822,104842,43,5755811,Cocody,2787
2018-09-23 00:00:00.000,1557,1581070,543822,104842,43,5755811,Conakry,30613
2018-09-23 00:00:00.000,1557,1581070,543822,104842,43,5755811,Cotonou,9253
2018-09-23 00:00:00.000,1557,1581070,543822,104842,43,5755811,Dakar,51599
2018-09-23 00:00:00.000,1557,1581070,543822,104842,43,5755811,Djibouti (ville),3107
2018-09-23 00:00:00.000,1557,1581070,543822,104842,43,5755811,Douala,44797
2018-09-23 00:00:00.000,1557,1581070,543822,104842,43,5755811,Fianarantsoa,2336
2018-09-23 00:00:00.000,1557,1581070,543822,104842,43,5755811,Jaúnde,12406
2018-09-23 00:00:00.000,1557,1581070,543822,104842,43,5755811,Kinshasa,31646
2018-09-23 00:00:00.000,1557,1581070,543822,104842,43,5755811,Libreville,19229
2018-09-23 00:00:00.000,1557,1581070,543822,104842,43,5755811,Lomé,8954
2018-09-23 00:00:00.000,1557,1581070,543822,104842,43,5755811,Luanda,4554
2018-09-23 00:00:00.000,1557,1581070,543822,104842,43,5755811,Lubumbashi,5515
2018-09-23 00:00:00.000,1557,1581070,543822,104842,43,5755811,Montréal,2847
2018-09-23 00:00:00.000,1557,1581070,543822,104842,43,5755811,Moroni,2982
2018-09-23 00:00:00.000,1557,1581070,543822,104842,43,5755811,N'Djaména,2877
2018-09-23 00:00:00.000,1557,1581070,543822,104842,43,5755811,Ngaoundéré,2289
2018-09-23 00:00:00.000,1557,1581070,543822,104842,43,5755811,Niamey,7829
2018-09-23 00:00:00.000,1557,1581070,543822,104842,43,5755811,Nouakchott,3405
2018-09-23 00:00:00.000,1557,1581070,543822,104842,43,5755811,Nouméa,2928
2018-09-23 00:00:00.000,1557,1581070,543822,104842,43,5755811,Oran,3053
2018-09-23 00:00:00.000,1557,1581070,543822,104842,43,5755811,Ouagadougou,31616
2018-09-23 00:00:00.000,1557,1581070,543822,104842,43,5755811,Paris,16078
2018-09-23 00:00:00.000,1557,1581070,543822,104842,43,5755811,Pointe-Noire,6395
2018-09-23 00:00:00.000,1557,1581070,543822,104842,43,5755811,Port-Louis,7401
2018-09-23 00:00:00.000,1557,1581070,543822,104842,43,5755811,Port-au-Prince,11139
2018-09-23 00:00:00.000,1557,1581070,543822,104842,43,5755811,Région de Bruxelles-Capitale,2571
2018-09-23 00:00:00.000,1557,1581070,543822,104842,43,5755811,Saint-Denis (La Réunion),3743
2018-09-23 00:00:00.000,1557,1581070,543822,104842,43,5755811,Saint-Pierre (La Réunion),2285
2018-09-23 00:00:00.000,1557,1581070,543822,104842,43,5755811,Tananarive,7116
2018-09-23 00:00:00.000,1557,1581070,543822,104842,43,5755811,Thiès,3854
2018-09-23 00:00:00.000,1557,1581070,543822,104842,43,5755811,Tizi Ouzou,2482
2018-09-23 00:00:00.000,1557,1581070,543822,104842,43,5755811,Tunis,6631
2018-09-23 00:00:00.000,1557,1581070,543822,104842,43,5755811,Yaoundé,20193
2018-09-24 00:00:00.000,1634,1763261,539047,112942,55,6031138,Abidjan,85813
2018-09-24 00:00:00.000,1634,1763261,539047,112942,55,6031138,Alger,10661
2018-09-24 00:00:00.000,1634,1763261,539047,112942,55,6031138,Antananarivo,38366
2018-09-24 00:00:00.000,1634,1763261,539047,112942,55,6031138,Béjaïa,2312
2018-09-24 00:00:00.000,1634,1763261,539047,112942,55,6031138,Bamako,31308
2018-09-24 00:00:00.000,1634,1763261,539047,112942,55,6031138,Bangui,4394
2018-09-24 00:00:00.000,1634,1763261,539047,112942,55,6031138,Bobo-Dioulasso,4586
2018-09-24 00:00:00.000,1634,1763261,539047,112942,55,6031138,Bouaké,3192
2018-09-24 00:00:00.000,1634,1763261,539047,112942,55,6031138,Brazzaville,10256
2018-09-24 00:00:00.000,1634,1763261,539047,112942,55,6031138,Bujumbura,2543
2018-09-24 00:00:00.000,1634,1763261,539047,112942,55,6031138,Casablanca,3928
2018-09-24 00:00:00.000,1634,1763261,539047,112942,55,6031138,Cocody,2788
2018-09-24 00:00:00.000,1634,1763261,539047,112942,55,6031138,Conakry,30680
2018-09-24 00:00:00.000,1634,1763261,539047,112942,55,6031138,Cotonou,9265
2018-09-24 00:00:00.000,1634,1763261,539047,112942,55,6031138,Dakar,51669
2018-09-24 00:00:00.000,1634,1763261,539047,112942,55,6031138,Djibouti (ville),3107
2018-09-24 00:00:00.000,1634,1763261,539047,112942,55,6031138,Douala,44863
2018-09-24 00:00:00.000,1634,1763261,539047,112942,55,6031138,Fianarantsoa,2339
2018-09-24 00:00:00.000,1634,1763261,539047,112942,55,6031138,Jaúnde,12433
2018-09-24 00:00:00.000,1634,1763261,539047,112942,55,6031138,Kinshasa,31713
2018-09-24 00:00:00.000,1634,1763261,539047,112942,55,6031138,Libreville,19263
2018-09-24 00:00:00.000,1634,1763261,539047,112942,55,6031138,Lomé,8967
2018-09-24 00:00:00.000,1634,1763261,539047,112942,55,6031138,Luanda,4561
2018-09-24 00:00:00.000,1634,1763261,539047,112942,55,6031138,Lubumbashi,5526
2018-09-24 00:00:00.000,1634,1763261,539047,112942,55,6031138,Montréal,2849
2018-09-24 00:00:00.000,1634,1763261,539047,112942,55,6031138,Moroni,2991
2018-09-24 00:00:00.000,1634,1763261,539047,112942,55,6031138,N'Djaména,2879
2018-09-24 00:00:00.000,1634,1763261,539047,112942,55,6031138,Ngaoundéré,2292
2018-09-24 00:00:00.000,1634,1763261,539047,112942,55,6031138,Niamey,7841
2018-09-24 00:00:00.000,1634,1763261,539047,112942,55,6031138,Nouakchott,3416
2018-09-24 00:00:00.000,1634,1763261,539047,112942,55,6031138,Nouméa,2932
2018-09-24 00:00:00.000,1634,1763261,539047,112942,55,6031138,Oran,3057
2018-09-24 00:00:00.000,1634,1763261,539047,112942,55,6031138,Ouagadougou,31671
2018-09-24 00:00:00.000,1634,1763261,539047,112942,55,6031138,Paris,16104
2018-09-24 00:00:00.000,1634,1763261,539047,112942,55,6031138,Pointe-Noire,6410
2018-09-24 00:00:00.000,1634,1763261,539047,112942,55,6031138,Port-Louis,7409
2018-09-24 00:00:00.000,1634,1763261,539047,112942,55,6031138,Port-au-Prince,11159
2018-09-24 00:00:00.000,1634,1763261,539047,112942,55,6031138,Région de Bruxelles-Capitale,2576
2018-09-24 00:00:00.000,1634,1763261,539047,112942,55,6031138,Saint-Denis (La Réunion),3747
2018-09-24 00:00:00.000,1634,1763261,539047,112942,55,6031138,Saint-Pierre (La Réunion),2287
2018-09-24 00:00:00.000,1634,1763261,539047,112942,55,6031138,Tananarive,7129
2018-09-24 00:00:00.000,1634,1763261,539047,112942,55,6031138,Thiès,3860
2018-09-24 00:00:00.000,1634,1763261,539047,112942,55,6031138,Tizi Ouzou,2490
2018-09-24 00:00:00.000,1634,1763261,539047,112942,55,6031138,Tunis,6642
2018-09-24 00:00:00.000,1634,1763261,539047,112942,55,6031138,Yaoundé,20216
2018-09-25 00:00:00.000,1538,1607641,523411,108908,41,5785209,Abidjan,84675
2018-09-25 00:00:00.000,1538,1607641,523411,108908,41,5785209,Alger,10398
2018-09-25 00:00:00.000,1538,1607641,523411,108908,41,5785209,Antananarivo,38306
2018-09-25 00:00:00.000,1538,1607641,523411,108908,41,5785209,Béjaïa,2316
2018-09-25 00:00:00.000,1538,1607641,523411,108908,41,5785209,Bamako,31063
2018-09-25 00:00:00.000,1538,1607641,523411,108908,41,5785209,Bangui,4387
2018-09-25 00:00:00.000,1538,1607641,523411,108908,41,5785209,Bobo-Dioulasso,4690
2018-09-25 00:00:00.000,1538,1607641,523411,108908,41,5785209,Bouaké,3284
2018-09-25 00:00:00.000,1538,1607641,523411,108908,41,5785209,Brazzaville,10244
2018-09-25 00:00:00.000,1538,1607641,523411,108908,41,5785209,Bujumbura,2544
2018-09-25 00:00:00.000,1538,1607641,523411,108908,41,5785209,Casablanca,3933
2018-09-25 00:00:00.000,1538,1607641,523411,108908,41,5785209,Cocody,3223
2018-09-25 00:00:00.000,1538,1607641,523411,108908,41,5785209,Conakry,30516
2018-09-25 00:00:00.000,1538,1607641,523411,108908,41,5785209,Cotonou,9291
2018-09-25 00:00:00.000,1538,1607641,523411,108908,41,5785209,Dakar,51618
2018-09-25 00:00:00.000,1538,1607641,523411,108908,41,5785209,Djibouti (ville),3115
2018-09-25 00:00:00.000,1538,1607641,523411,108908,41,5785209,Douala,45040
2018-09-25 00:00:00.000,1538,1607641,523411,108908,41,5785209,Fianarantsoa,2345
2018-09-25 00:00:00.000,1538,1607641,523411,108908,41,5785209,Jaúnde,12077
2018-09-25 00:00:00.000,1538,1607641,523411,108908,41,5785209,Kinshasa,31765
2018-09-25 00:00:00.000,1538,1607641,523411,108908,41,5785209,Libreville,19221
2018-09-25 00:00:00.000,1538,1607641,523411,108908,41,5785209,Lomé,8956
2018-09-25 00:00:00.000,1538,1607641,523411,108908,41,5785209,Luanda,4574
2018-09-25 00:00:00.000,1538,1607641,523411,108908,41,5785209,Lubumbashi,5514
2018-09-25 00:00:00.000,1538,1607641,523411,108908,41,5785209,Montréal,2863
2018-09-25 00:00:00.000,1538,1607641,523411,108908,41,5785209,Moroni,2993
2018-09-25 00:00:00.000,1538,1607641,523411,108908,41,5785209,N'Djaména,2872
2018-09-25 00:00:00.000,1538,1607641,523411,108908,41,5785209,Ngaoundéré,2297
2018-09-25 00:00:00.000,1538,1607641,523411,108908,41,5785209,Niamey,7807
2018-09-25 00:00:00.000,1538,1607641,523411,108908,41,5785209,Nouakchott,3389
2018-09-25 00:00:00.000,1538,1607641,523411,108908,41,5785209,Nouméa,2936
2018-09-25 00:00:00.000,1538,1607641,523411,108908,41,5785209,Oran,3063
2018-09-25 00:00:00.000,1538,1607641,523411,108908,41,5785209,Ouagadougou,31230
2018-09-25 00:00:00.000,1538,1607641,523411,108908,41,5785209,Paris,16229
2018-09-25 00:00:00.000,1538,1607641,523411,108908,41,5785209,Pointe-Noire,6402
2018-09-25 00:00:00.000,1538,1607641,523411,108908,41,5785209,Port-Louis,7359
2018-09-25 00:00:00.000,1538,1607641,523411,108908,41,5785209,Port-au-Prince,11155
2018-09-25 00:00:00.000,1538,1607641,523411,108908,41,5785209,Région de Bruxelles-Capitale,2600
2018-09-25 00:00:00.000,1538,1607641,523411,108908,41,5785209,Saint-Denis (La Réunion),3754
2018-09-25 00:00:00.000,1538,1607641,523411,108908,41,5785209,Saint-Pierre (La Réunion),2285
2018-09-25 00:00:00.000,1538,1607641,523411,108908,41,5785209,Tananarive,7184
2018-09-25 00:00:00.000,1538,1607641,523411,108908,41,5785209,Thiès,3872
2018-09-25 00:00:00.000,1538,1607641,523411,108908,41,5785209,Tizi Ouzou,2528
2018-09-25 00:00:00.000,1538,1607641,523411,108908,41,5785209,Tunis,6660
2018-09-25 00:00:00.000,1538,1607641,523411,108908,41,5785209,Yaoundé,20470
2018-09-26 00:00:00.000,1508,1659038,521064,109999,27,5914165,Abidjan,84459
2018-09-26 00:00:00.000,1508,1659038,521064,109999,27,5914165,Alger,10379
2018-09-26 00:00:00.000,1508,1659038,521064,109999,27,5914165,Antananarivo,38318
2018-09-26 00:00:00.000,1508,1659038,521064,109999,27,5914165,Béjaïa,2320
2018-09-26 00:00:00.000,1508,1659038,521064,109999,27,5914165,Bamako,31045
2018-09-26 00:00:00.000,1508,1659038,521064,109999,27,5914165,Bangui,4375
2018-09-26 00:00:00.000,1508,1659038,521064,109999,27,5914165,Bobo-Dioulasso,4759
2018-09-26 00:00:00.000,1508,1659038,521064,109999,27,5914165,Bouaké,3311
2018-09-26 00:00:00.000,1508,1659038,521064,109999,27,5914165,Brazzaville,10239
2018-09-26 00:00:00.000,1508,1659038,521064,109999,27,5914165,Bujumbura,2548
2018-09-26 00:00:00.000,1508,1659038,521064,109999,27,5914165,Casablanca,3945
2018-09-26 00:00:00.000,1508,1659038,521064,109999,27,5914165,Cocody,3345
2018-09-26 00:00:00.000,1508,1659038,521064,109999,27,5914165,Conakry,30482
2018-09-26 00:00:00.000,1508,1659038,521064,109999,27,5914165,Cotonou,9293
2018-09-26 00:00:00.000,1508,1659038,521064,109999,27,5914165,Dakar,51608
2018-09-26 00:00:00.000,1508,1659038,521064,109999,27,5914165,Djibouti (ville),3120
2018-09-26 00:00:00.000,1508,1659038,521064,109999,27,5914165,Douala,45109
2018-09-26 00:00:00.000,1508,1659038,521064,109999,27,5914165,Fianarantsoa,2351
2018-09-26 00:00:00.000,1508,1659038,521064,109999,27,5914165,Jaúnde,11914
2018-09-26 00:00:00.000,1508,1659038,521064,109999,27,5914165,Kinshasa,31845
2018-09-26 00:00:00.000,1508,1659038,521064,109999,27,5914165,Libreville,19207
2018-09-26 00:00:00.000,1508,1659038,521064,109999,27,5914165,Lomé,8947
2018-09-26 00:00:00.000,1508,1659038,521064,109999,27,5914165,Luanda,4577
2018-09-26 00:00:00.000,1508,1659038,521064,109999,27,5914165,Lubumbashi,5524
2018-09-26 00:00:00.000,1508,1659038,521064,109999,27,5914165,Montréal,2877
2018-09-26 00:00:00.000,1508,1659038,521064,109999,27,5914165,Moroni,2992
2018-09-26 00:00:00.000,1508,1659038,521064,109999,27,5914165,N'Djaména,2876
2018-09-26 00:00:00.000,1508,1659038,521064,109999,27,5914165,Ngaoundéré,2298
2018-09-26 00:00:00.000,1508,1659038,521064,109999,27,5914165,Niamey,7806
2018-09-26 00:00:00.000,1508,1659038,521064,109999,27,5914165,Nouakchott,3392
2018-09-26 00:00:00.000,1508,1659038,521064,109999,27,5914165,Nouméa,2941
2018-09-26 00:00:00.000,1508,1659038,521064,109999,27,5914165,Oran,3063
2018-09-26 00:00:00.000,1508,1659038,521064,109999,27,5914165,Ouagadougou,31012
2018-09-26 00:00:00.000,1508,1659038,521064,109999,27,5914165,Paris,16311
2018-09-26 00:00:00.000,1508,1659038,521064,109999,27,5914165,Pointe-Noire,6411
2018-09-26 00:00:00.000,1508,1659038,521064,109999,27,5914165,Port-Louis,7379
2018-09-26 00:00:00.000,1508,1659038,521064,109999,27,5914165,Port-au-Prince,11207
2018-09-26 00:00:00.000,1508,1659038,521064,109999,27,5914165,Région de Bruxelles-Capitale,2603
2018-09-26 00:00:00.000,1508,1659038,521064,109999,27,5914165,Saint-Denis (La Réunion),3752
2018-09-26 00:00:00.000,1508,1659038,521064,109999,27,5914165,Saint-Louis,2289
2018-09-26 00:00:00.000,1508,1659038,521064,109999,27,5914165,Tananarive,7241
2018-09-26 00:00:00.000,1508,1659038,521064,109999,27,5914165,Thiès,3869
2018-09-26 00:00:00.000,1508,1659038,521064,109999,27,5914165,Tizi Ouzou,2533
2018-09-26 00:00:00.000,1508,1659038,521064,109999,27,5914165,Tunis,6640
2018-09-26 00:00:00.000,1508,1659038,521064,109999,27,5914165,Yaoundé,20639
2018-09-27 00:00:00.000,1574,1655204,527427,108212,39,6075300,Abidjan,84602
2018-09-27 00:00:00.000,1574,1655204,527427,108212,39,6075300,Alger,10393
2018-09-27 00:00:00.000,1574,1655204,527427,108212,39,6075300,Antananarivo,38365
2018-09-27 00:00:00.000,1574,1655204,527427,108212,39,6075300,Béjaïa,2322
2018-09-27 00:00:00.000,1574,1655204,527427,108212,39,6075300,Bamako,31089
2018-09-27 00:00:00.000,1574,1655204,527427,108212,39,6075300,Bangui,4386
2018-09-27 00:00:00.000,1574,1655204,527427,108212,39,6075300,Bobo-Dioulasso,4769
2018-09-27 00:00:00.000,1574,1655204,527427,108212,39,6075300,Bouaké,3319
2018-09-27 00:00:00.000,1574,1655204,527427,108212,39,6075300,Brazzaville,10257
2018-09-27 00:00:00.000,1574,1655204,527427,108212,39,6075300,Bujumbura,2554
2018-09-27 00:00:00.000,1574,1655204,527427,108212,39,6075300,Casablanca,3948
2018-09-27 00:00:00.000,1574,1655204,527427,108212,39,6075300,Cocody,3349
2018-09-27 00:00:00.000,1574,1655204,527427,108212,39,6075300,Conakry,30552
2018-09-27 00:00:00.000,1574,1655204,527427,108212,39,6075300,Cotonou,9306
2018-09-27 00:00:00.000,1574,1655204,527427,108212,39,6075300,Dakar,51675
2018-09-27 00:00:00.000,1574,1655204,527427,108212,39,6075300,Djibouti (ville),3124
2018-09-27 00:00:00.000,1574,1655204,527427,108212,39,6075300,Douala,45176
2018-09-27 00:00:00.000,1574,1655204,527427,108212,39,6075300,Fianarantsoa,2354
2018-09-27 00:00:00.000,1574,1655204,527427,108212,39,6075300,Jaúnde,11944
2018-09-27 00:00:00.000,1574,1655204,527427,108212,39,6075300,Kinshasa,31917
2018-09-27 00:00:00.000,1574,1655204,527427,108212,39,6075300,Libreville,19243
2018-09-27 00:00:00.000,1574,1655204,527427,108212,39,6075300,Lomé,8954
2018-09-27 00:00:00.000,1574,1655204,527427,108212,39,6075300,Luanda,4579
2018-09-27 00:00:00.000,1574,1655204,527427,108212,39,6075300,Lubumbashi,5536
2018-09-27 00:00:00.000,1574,1655204,527427,108212,39,6075300,Montréal,2879
2018-09-27 00:00:00.000,1574,1655204,527427,108212,39,6075300,Moroni,3004
2018-09-27 00:00:00.000,1574,1655204,527427,108212,39,6075300,N'Djaména,2877
2018-09-27 00:00:00.000,1574,1655204,527427,108212,39,6075300,Ngaoundéré,2302
2018-09-27 00:00:00.000,1574,1655204,527427,108212,39,6075300,Niamey,7817
2018-09-27 00:00:00.000,1574,1655204,527427,108212,39,6075300,Nouakchott,3394
2018-09-27 00:00:00.000,1574,1655204,527427,108212,39,6075300,Nouméa,2955
2018-09-27 00:00:00.000,1574,1655204,527427,108212,39,6075300,Oran,3066
2018-09-27 00:00:00.000,1574,1655204,527427,108212,39,6075300,Ouagadougou,31049
2018-09-27 00:00:00.000,1574,1655204,527427,108212,39,6075300,Paris,16332
2018-09-27 00:00:00.000,1574,1655204,527427,108212,39,6075300,Pointe-Noire,6418
2018-09-27 00:00:00.000,1574,1655204,527427,108212,39,6075300,Port-Louis,7393
2018-09-27 00:00:00.000,1574,1655204,527427,108212,39,6075300,Port-au-Prince,11231
2018-09-27 00:00:00.000,1574,1655204,527427,108212,39,6075300,Région de Bruxelles-Capitale,2603
2018-09-27 00:00:00.000,1574,1655204,527427,108212,39,6075300,Saint-Denis (La Réunion),3754
2018-09-27 00:00:00.000,1574,1655204,527427,108212,39,6075300,Saint-Louis,2294
2018-09-27 00:00:00.000,1574,1655204,527427,108212,39,6075300,Tananarive,7245
2018-09-27 00:00:00.000,1574,1655204,527427,108212,39,6075300,Thiès,3872
2018-09-27 00:00:00.000,1574,1655204,527427,108212,39,6075300,Tizi Ouzou,2534
2018-09-27 00:00:00.000,1574,1655204,527427,108212,39,6075300,Tunis,6644
2018-09-27 00:00:00.000,1574,1655204,527427,108212,39,6075300,Yaoundé,20667
2018-09-28 00:00:00.000,1468,1631159,522421,101312,45,5700151,Abidjan,84325
2018-09-28 00:00:00.000,1468,1631159,522421,101312,45,5700151,Alger,10363
2018-09-28 00:00:00.000,1468,1631159,522421,101312,45,5700151,Antananarivo,38350
2018-09-28 00:00:00.000,1468,1631159,522421,101312,45,5700151,Béjaïa,2325
2018-09-28 00:00:00.000,1468,1631159,522421,101312,45,5700151,Bamako,31077
2018-09-28 00:00:00.000,1468,1631159,522421,101312,45,5700151,Bangui,4385
2018-09-28 00:00:00.000,1468,1631159,522421,101312,45,5700151,Bobo-Dioulasso,4790
2018-09-28 00:00:00.000,1468,1631159,522421,101312,45,5700151,Bouaké,3352
2018-09-28 00:00:00.000,1468,1631159,522421,101312,45,5700151,Brazzaville,10255
2018-09-28 00:00:00.000,1468,1631159,522421,101312,45,5700151,Bujumbura,2558
2018-09-28 00:00:00.000,1468,1631159,522421,101312,45,5700151,Casablanca,3949
2018-09-28 00:00:00.000,1468,1631159,522421,101312,45,5700151,Cocody,3508
2018-09-28 00:00:00.000,1468,1631159,522421,101312,45,5700151,Conakry,30515
2018-09-28 00:00:00.000,1468,1631159,522421,101312,45,5700151,Cotonou,9314
2018-09-28 00:00:00.000,1468,1631159,522421,101312,45,5700151,Dakar,51688
2018-09-28 00:00:00.000,1468,1631159,522421,101312,45,5700151,Djibouti (ville),3131
2018-09-28 00:00:00.000,1468,1631159,522421,101312,45,5700151,Douala,45138
2018-09-28 00:00:00.000,1468,1631159,522421,101312,45,5700151,Fianarantsoa,2353
2018-09-28 00:00:00.000,1468,1631159,522421,101312,45,5700151,Jaúnde,11936
2018-09-28 00:00:00.000,1468,1631159,522421,101312,45,5700151,Kinshasa,31987
2018-09-28 00:00:00.000,1468,1631159,522421,101312,45,5700151,Libreville,19215
2018-09-28 00:00:00.000,1468,1631159,522421,101312,45,5700151,Lomé,8934
2018-09-28 00:00:00.000,1468,1631159,522421,101312,45,5700151,Luanda,4593
2018-09-28 00:00:00.000,1468,1631159,522421,101312,45,5700151,Lubumbashi,5541
2018-09-28 00:00:00.000,1468,1631159,522421,101312,45,5700151,Montréal,2878
2018-09-28 00:00:00.000,1468,1631159,522421,101312,45,5700151,Moroni,3012
2018-09-28 00:00:00.000,1468,1631159,522421,101312,45,5700151,N'Djaména,2879
2018-09-28 00:00:00.000,1468,1631159,522421,101312,45,5700151,Ngaoundéré,2307
2018-09-28 00:00:00.000,1468,1631159,522421,101312,45,5700151,Niamey,7810
2018-09-28 00:00:00.000,1468,1631159,522421,101312,45,5700151,Nouakchott,3391
2018-09-28 00:00:00.000,1468,1631159,522421,101312,45,5700151,Nouméa,2959
2018-09-28 00:00:00.000,1468,1631159,522421,101312,45,5700151,Oran,3077
2018-09-28 00:00:00.000,1468,1631159,522421,101312,45,5700151,Ouagadougou,30881
2018-09-28 00:00:00.000,1468,1631159,522421,101312,45,5700151,Paris,16424
2018-09-28 00:00:00.000,1468,1631159,522421,101312,45,5700151,Pointe-Noire,6420
2018-09-28 00:00:00.000,1468,1631159,522421,101312,45,5700151,Port-Louis,7407
2018-09-28 00:00:00.000,1468,1631159,522421,101312,45,5700151,Port-au-Prince,11226
2018-09-28 00:00:00.000,1468,1631159,522421,101312,45,5700151,Région de Bruxelles-Capitale,2606
2018-09-28 00:00:00.000,1468,1631159,522421,101312,45,5700151,Saint-Denis (La Réunion),3764
2018-09-28 00:00:00.000,1468,1631159,522421,101312,45,5700151,Saint-Louis,2308
2018-09-28 00:00:00.000,1468,1631159,522421,101312,45,5700151,Tananarive,7285
2018-09-28 00:00:00.000,1468,1631159,522421,101312,45,5700151,Thiès,3879
2018-09-28 00:00:00.000,1468,1631159,522421,101312,45,5700151,Tizi Ouzou,2549
2018-09-28 00:00:00.000,1468,1631159,522421,101312,45,5700151,Tunis,6660
2018-09-28 00:00:00.000,1468,1631159,522421,101312,45,5700151,Yaoundé,20771
2018-09-29 00:00:00.000,1556,1644077,531604,106294,36,5673416,Abidjan,84430
2018-09-29 00:00:00.000,1556,1644077,531604,106294,36,5673416,Alger,10374
2018-09-29 00:00:00.000,1556,1644077,531604,106294,36,5673416,Antananarivo,38400
2018-09-29 00:00:00.000,1556,1644077,531604,106294,36,5673416,Béjaïa,2329
2018-09-29 00:00:00.000,1556,1644077,531604,106294,36,5673416,Bamako,31132
2018-09-29 00:00:00.000,1556,1644077,531604,106294,36,5673416,Bangui,4393
2018-09-29 00:00:00.000,1556,1644077,531604,106294,36,5673416,Bobo-Dioulasso,4796
2018-09-29 00:00:00.000,1556,1644077,531604,106294,36,5673416,Bouaké,3355
2018-09-29 00:00:00.000,1556,1644077,531604,106294,36,5673416,Brazzaville,10271
2018-09-29 00:00:00.000,1556,1644077,531604,106294,36,5673416,Bujumbura,2562
2018-09-29 00:00:00.000,1556,1644077,531604,106294,36,5673416,Casablanca,3950
2018-09-29 00:00:00.000,1556,1644077,531604,106294,36,5673416,Cocody,3517
2018-09-29 00:00:00.000,1556,1644077,531604,106294,36,5673416,Conakry,30587
2018-09-29 00:00:00.000,1556,1644077,531604,106294,36,5673416,Cotonou,9328
2018-09-29 00:00:00.000,1556,1644077,531604,106294,36,5673416,Dakar,51756
2018-09-29 00:00:00.000,1556,1644077,531604,106294,36,5673416,Djibouti (ville),3136
2018-09-29 00:00:00.000,1556,1644077,531604,106294,36,5673416,Douala,45193
2018-09-29 00:00:00.000,1556,1644077,531604,106294,36,5673416,Fianarantsoa,2359
2018-09-29 00:00:00.000,1556,1644077,531604,106294,36,5673416,Jaúnde,11958
2018-09-29 00:00:00.000,1556,1644077,531604,106294,36,5673416,Kinshasa,32049
2018-09-29 00:00:00.000,1556,1644077,531604,106294,36,5673416,Libreville,19245
2018-09-29 00:00:00.000,1556,1644077,531604,106294,36,5673416,Lomé,8941
2018-09-29 00:00:00.000,1556,1644077,531604,106294,36,5673416,Luanda,4603
2018-09-29 00:00:00.000,1556,1644077,531604,106294,36,5673416,Lubumbashi,5553
2018-09-29 00:00:00.000,1556,1644077,531604,106294,36,5673416,Montréal,2884
2018-09-29 00:00:00.000,1556,1644077,531604,106294,36,5673416,Moroni,3027
2018-09-29 00:00:00.000,1556,1644077,531604,106294,36,5673416,N'Djaména,2880
2018-09-29 00:00:00.000,1556,1644077,531604,106294,36,5673416,Ngaoundéré,2313
2018-09-29 00:00:00.000,1556,1644077,531604,106294,36,5673416,Niamey,7823
2018-09-29 00:00:00.000,1556,1644077,531604,106294,36,5673416,Nouakchott,3401
2018-09-29 00:00:00.000,1556,1644077,531604,106294,36,5673416,Nouméa,2961
2018-09-29 00:00:00.000,1556,1644077,531604,106294,36,5673416,Oran,3078
2018-09-29 00:00:00.000,1556,1644077,531604,106294,36,5673416,Ouagadougou,30930
2018-09-29 00:00:00.000,1556,1644077,531604,106294,36,5673416,Paris,16435
2018-09-29 00:00:00.000,1556,1644077,531604,106294,36,5673416,Pointe-Noire,6428
2018-09-29 00:00:00.000,1556,1644077,531604,106294,36,5673416,Port-Louis,7409
2018-09-29 00:00:00.000,1556,1644077,531604,106294,36,5673416,Port-au-Prince,11245
2018-09-29 00:00:00.000,1556,1644077,531604,106294,36,5673416,Région de Bruxelles-Capitale,2608
2018-09-29 00:00:00.000,1556,1644077,531604,106294,36,5673416,Saint-Denis (La Réunion),3763
2018-09-29 00:00:00.000,1556,1644077,531604,106294,36,5673416,Saint-Louis,2309
2018-09-29 00:00:00.000,1556,1644077,531604,106294,36,5673416,Tananarive,7296
2018-09-29 00:00:00.000,1556,1644077,531604,106294,36,5673416,Thiès,3889
2018-09-29 00:00:00.000,1556,1644077,531604,106294,36,5673416,Tizi Ouzou,2551
2018-09-29 00:00:00.000,1556,1644077,531604,106294,36,5673416,Tunis,6673
2018-09-29 00:00:00.000,1556,1644077,531604,106294,36,5673416,Yaoundé,20795
2018-09-30 00:00:00.000,1475,1593899,524833,97375,47,5615209,Abidjan,84266
2018-09-30 00:00:00.000,1475,1593899,524833,97375,47,5615209,Alger,10477
2018-09-30 00:00:00.000,1475,1593899,524833,97375,47,5615209,Antananarivo,38355
2018-09-30 00:00:00.000,1475,1593899,524833,97375,47,5615209,Béjaïa,2301
2018-09-30 00:00:00.000,1475,1593899,524833,97375,47,5615209,Bamako,31064
2018-09-30 00:00:00.000,1475,1593899,524833,97375,47,5615209,Bangui,4394
2018-09-30 00:00:00.000,1475,1593899,524833,97375,47,5615209,Bobo-Dioulasso,4831
2018-09-30 00:00:00.000,1475,1593899,524833,97375,47,5615209,Bouaké,3376
2018-09-30 00:00:00.000,1475,1593899,524833,97375,47,5615209,Brazzaville,10302
2018-09-30 00:00:00.000,1475,1593899,524833,97375,47,5615209,Bujumbura,2563
2018-09-30 00:00:00.000,1475,1593899,524833,97375,47,5615209,Casablanca,3951
2018-09-30 00:00:00.000,1475,1593899,524833,97375,47,5615209,Cocody,3647
2018-09-30 00:00:00.000,1475,1593899,524833,97375,47,5615209,Conakry,30511
2018-09-30 00:00:00.000,1475,1593899,524833,97375,47,5615209,Cotonou,9345
2018-09-30 00:00:00.000,1475,1593899,524833,97375,47,5615209,Dakar,51722
2018-09-30 00:00:00.000,1475,1593899,524833,97375,47,5615209,Djibouti (ville),3141
2018-09-30 00:00:00.000,1475,1593899,524833,97375,47,5615209,Douala,44928
2018-09-30 00:00:00.000,1475,1593899,524833,97375,47,5615209,Fianarantsoa,2366
2018-09-30 00:00:00.000,1475,1593899,524833,97375,47,5615209,Jaúnde,12282
2018-09-30 00:00:00.000,1475,1593899,524833,97375,47,5615209,Kinshasa,32103
2018-09-30 00:00:00.000,1475,1593899,524833,97375,47,5615209,Libreville,19250
2018-09-30 00:00:00.000,1475,1593899,524833,97375,47,5615209,Lomé,8929
2018-09-30 00:00:00.000,1475,1593899,524833,97375,47,5615209,Luanda,4614
2018-09-30 00:00:00.000,1475,1593899,524833,97375,47,5615209,Lubumbashi,5570
2018-09-30 00:00:00.000,1475,1593899,524833,97375,47,5615209,Montréal,2887
2018-09-30 00:00:00.000,1475,1593899,524833,97375,47,5615209,Moroni,3033
2018-09-30 00:00:00.000,1475,1593899,524833,97375,47,5615209,N'Djaména,2888
2018-09-30 00:00:00.000,1475,1593899,524833,97375,47,5615209,Ngaoundéré,2318
2018-09-30 00:00:00.000,1475,1593899,524833,97375,47,5615209,Niamey,7831
2018-09-30 00:00:00.000,1475,1593899,524833,97375,47,5615209,Nouakchott,3399
2018-09-30 00:00:00.000,1475,1593899,524833,97375,47,5615209,Nouméa,2961
2018-09-30 00:00:00.000,1475,1593899,524833,97375,47,5615209,Oran,2920
2018-09-30 00:00:00.000,1475,1593899,524833,97375,47,5615209,Ouagadougou,30764
2018-09-30 00:00:00.000,1475,1593899,524833,97375,47,5615209,Paris,16531
2018-09-30 00:00:00.000,1475,1593899,524833,97375,47,5615209,Pointe-Noire,6422
2018-09-30 00:00:00.000,1475,1593899,524833,97375,47,5615209,Port-Louis,7410
2018-09-30 00:00:00.000,1475,1593899,524833,97375,47,5615209,Port-au-Prince,11246
2018-09-30 00:00:00.000,1475,1593899,524833,97375,47,5615209,Région de Bruxelles-Capitale,2607
2018-09-30 00:00:00.000,1475,1593899,524833,97375,47,5615209,Saint-Denis (La Réunion),3775
2018-09-30 00:00:00.000,1475,1593899,524833,97375,47,5615209,Saint-Louis,2306
2018-09-30 00:00:00.000,1475,1593899,524833,97375,47,5615209,Tananarive,7337
2018-09-30 00:00:00.000,1475,1593899,524833,97375,47,5615209,Thiès,3900
2018-09-30 00:00:00.000,1475,1593899,524833,97375,47,5615209,Tizi Ouzou,2524
2018-09-30 00:00:00.000,1475,1593899,524833,97375,47,5615209,Tunis,6701
2018-09-30 00:00:00.000,1475,1593899,524833,97375,47,5615209,Yaoundé,20818
2018-10-01 00:00:00.000,1485,1680033,506652,109284,41,6227197,Abidjan,84380
2018-10-01 00:00:00.000,1485,1680033,506652,109284,41,6227197,Alger,10492
2018-10-01 00:00:00.000,1485,1680033,506652,109284,41,6227197,Antananarivo,38401
2018-10-01 00:00:00.000,1485,1680033,506652,109284,41,6227197,Béjaïa,2303
2018-10-01 00:00:00.000,1485,1680033,506652,109284,41,6227197,Bamako,31106
2018-10-01 00:00:00.000,1485,1680033,506652,109284,41,6227197,Bangui,4398
2018-10-01 00:00:00.000,1485,1680033,506652,109284,41,6227197,Bobo-Dioulasso,4835
2018-10-01 00:00:00.000,1485,1680033,506652,109284,41,6227197,Bouaké,3383
2018-10-01 00:00:00.000,1485,1680033,506652,109284,41,6227197,Brazzaville,10322
2018-10-01 00:00:00.000,1485,1680033,506652,109284,41,6227197,Bujumbura,2566
2018-10-01 00:00:00.000,1485,1680033,506652,109284,41,6227197,Casablanca,3957
2018-10-01 00:00:00.000,1485,1680033,506652,109284,41,6227197,Cocody,3651
2018-10-01 00:00:00.000,1485,1680033,506652,109284,41,6227197,Conakry,30563
2018-10-01 00:00:00.000,1485,1680033,506652,109284,41,6227197,Cotonou,9359
2018-10-01 00:00:00.000,1485,1680033,506652,109284,41,6227197,Dakar,51775
2018-10-01 00:00:00.000,1485,1680033,506652,109284,41,6227197,Djibouti (ville),3145
2018-10-01 00:00:00.000,1485,1680033,506652,109284,41,6227197,Douala,44991
2018-10-01 00:00:00.000,1485,1680033,506652,109284,41,6227197,Fianarantsoa,2366
2018-10-01 00:00:00.000,1485,1680033,506652,109284,41,6227197,Jaúnde,12301
2018-10-01 00:00:00.000,1485,1680033,506652,109284,41,6227197,Kinshasa,32174
2018-10-01 00:00:00.000,1485,1680033,506652,109284,41,6227197,Libreville,19284
2018-10-01 00:00:00.000,1485,1680033,506652,109284,41,6227197,Lomé,8941
2018-10-01 00:00:00.000,1485,1680033,506652,109284,41,6227197,Luanda,4622
2018-10-01 00:00:00.000,1485,1680033,506652,109284,41,6227197,Lubumbashi,5576
2018-10-01 00:00:00.000,1485,1680033,506652,109284,41,6227197,Montréal,2891
2018-10-01 00:00:00.000,1485,1680033,506652,109284,41,6227197,Moroni,3045
2018-10-01 00:00:00.000,1485,1680033,506652,109284,41,6227197,N'Djaména,2891
2018-10-01 00:00:00.000,1485,1680033,506652,109284,41,6227197,Ngaoundéré,2321
2018-10-01 00:00:00.000,1485,1680033,506652,109284,41,6227197,Niamey,7837
2018-10-01 00:00:00.000,1485,1680033,506652,109284,41,6227197,Nouakchott,3401
2018-10-01 00:00:00.000,1485,1680033,506652,109284,41,6227197,Nouméa,2965
2018-10-01 00:00:00.000,1485,1680033,506652,109284,41,6227197,Oran,2921
2018-10-01 00:00:00.000,1485,1680033,506652,109284,41,6227197,Ouagadougou,30806
2018-10-01 00:00:00.000,1485,1680033,506652,109284,41,6227197,Paris,16548
2018-10-01 00:00:00.000,1485,1680033,506652,109284,41,6227197,Pointe-Noire,6431
2018-10-01 00:00:00.000,1485,1680033,506652,109284,41,6227197,Port-Louis,7418
2018-10-01 00:00:00.000,1485,1680033,506652,109284,41,6227197,Port-au-Prince,11268
2018-10-01 00:00:00.000,1485,1680033,506652,109284,41,6227197,Région de Bruxelles-Capitale,2609
2018-10-01 00:00:00.000,1485,1680033,506652,109284,41,6227197,Saint-Denis (La Réunion),3773
2018-10-01 00:00:00.000,1485,1680033,506652,109284,41,6227197,Saint-Louis,2306
2018-10-01 00:00:00.000,1485,1680033,506652,109284,41,6227197,Tananarive,7341
2018-10-01 00:00:00.000,1485,1680033,506652,109284,41,6227197,Thiès,3902
2018-10-01 00:00:00.000,1485,1680033,506652,109284,41,6227197,Tizi Ouzou,2530
2018-10-01 00:00:00.000,1485,1680033,506652,109284,41,6227197,Tunis,6701
2018-10-01 00:00:00.000,1485,1680033,506652,109284,41,6227197,Yaoundé,20844
2018-10-02 00:00:00.000,1570,1604910,519518,108324,51,6134215,Abidjan,84172
2018-10-02 00:00:00.000,1570,1604910,519518,108324,51,6134215,Alger,10506
2018-10-02 00:00:00.000,1570,1604910,519518,108324,51,6134215,Antananarivo,38370
2018-10-02 00:00:00.000,1570,1604910,519518,108324,51,6134215,Béjaïa,2321
2018-10-02 00:00:00.000,1570,1604910,519518,108324,51,6134215,Bamako,31095
2018-10-02 00:00:00.000,1570,1604910,519518,108324,51,6134215,Bangui,4398
2018-10-02 00:00:00.000,1570,1604910,519518,108324,51,6134215,Bobo-Dioulasso,4874
2018-10-02 00:00:00.000,1570,1604910,519518,108324,51,6134215,Bouaké,3414
2018-10-02 00:00:00.000,1570,1604910,519518,108324,51,6134215,Brazzaville,10323
2018-10-02 00:00:00.000,1570,1604910,519518,108324,51,6134215,Bujumbura,2568
2018-10-02 00:00:00.000,1570,1604910,519518,108324,51,6134215,Casablanca,3949
2018-10-02 00:00:00.000,1570,1604910,519518,108324,51,6134215,Cocody,3801
2018-10-02 00:00:00.000,1570,1604910,519518,108324,51,6134215,Conakry,30528
2018-10-02 00:00:00.000,1570,1604910,519518,108324,51,6134215,Cotonou,9396
2018-10-02 00:00:00.000,1570,1604910,519518,108324,51,6134215,Dakar,51815
2018-10-02 00:00:00.000,1570,1604910,519518,108324,51,6134215,Djibouti (ville),3144
2018-10-02 00:00:00.000,1570,1604910,519518,108324,51,6134215,Douala,45114
2018-10-02 00:00:00.000,1570,1604910,519518,108324,51,6134215,Fianarantsoa,2368
2018-10-02 00:00:00.000,1570,1604910,519518,108324,51,6134215,Jaúnde,12181
2018-10-02 00:00:00.000,1570,1604910,519518,108324,51,6134215,Kinshasa,32269
2018-10-02 00:00:00.000,1570,1604910,519518,108324,51,6134215,Libreville,19285
2018-10-02 00:00:00.000,1570,1604910,519518,108324,51,6134215,Lomé,8927
2018-10-02 00:00:00.000,1570,1604910,519518,108324,51,6134215,Luanda,4639
2018-10-02 00:00:00.000,1570,1604910,519518,108324,51,6134215,Lubumbashi,5588
2018-10-02 00:00:00.000,1570,1604910,519518,108324,51,6134215,Montréal,2883
2018-10-02 00:00:00.000,1570,1604910,519518,108324,51,6134215,Moroni,3051
2018-10-02 00:00:00.000,1570,1604910,519518,108324,51,6134215,N'Djaména,2898
2018-10-02 00:00:00.000,1570,1604910,519518,108324,51,6134215,Ngaoundéré,2330
2018-10-02 00:00:00.000,1570,1604910,519518,108324,51,6134215,Niamey,7843
2018-10-02 00:00:00.000,1570,1604910,519518,108324,51,6134215,Nouakchott,3406
2018-10-02 00:00:00.000,1570,1604910,519518,108324,51,6134215,Nouméa,2960
2018-10-02 00:00:00.000,1570,1604910,519518,108324,51,6134215,Oran,2934
2018-10-02 00:00:00.000,1570,1604910,519518,108324,51,6134215,Ouagadougou,30628
2018-10-02 00:00:00.000,1570,1604910,519518,108324,51,6134215,Paris,16632
2018-10-02 00:00:00.000,1570,1604910,519518,108324,51,6134215,Pointe-Noire,6435
2018-10-02 00:00:00.000,1570,1604910,519518,108324,51,6134215,Port-Louis,7408
2018-10-02 00:00:00.000,1570,1604910,519518,108324,51,6134215,Port-au-Prince,11299
2018-10-02 00:00:00.000,1570,1604910,519518,108324,51,6134215,Région de Bruxelles-Capitale,2609
2018-10-02 00:00:00.000,1570,1604910,519518,108324,51,6134215,Saint-Denis (La Réunion),3762
2018-10-02 00:00:00.000,1570,1604910,519518,108324,51,6134215,Saint-Louis,2314
2018-10-02 00:00:00.000,1570,1604910,519518,108324,51,6134215,Tananarive,7389
2018-10-02 00:00:00.000,1570,1604910,519518,108324,51,6134215,Thiès,3917
2018-10-02 00:00:00.000,1570,1604910,519518,108324,51,6134215,Tizi Ouzou,2529
2018-10-02 00:00:00.000,1570,1604910,519518,108324,51,6134215,Tunis,6711
2018-10-02 00:00:00.000,1570,1604910,519518,108324,51,6134215,Yaoundé,21050
2018-10-03 00:00:00.000,1571,1776709,506918,116122,46,6514905,Abidjan,83655
2018-10-03 00:00:00.000,1571,1776709,506918,116122,46,6514905,Alger,10510
2018-10-03 00:00:00.000,1571,1776709,506918,116122,46,6514905,Antananarivo,38294
2018-10-03 00:00:00.000,1571,1776709,506918,116122,46,6514905,Béjaïa,2325
2018-10-03 00:00:00.000,1571,1776709,506918,116122,46,6514905,Bamako,31043
2018-10-03 00:00:00.000,1571,1776709,506918,116122,46,6514905,Bangui,4405
2018-10-03 00:00:00.000,1571,1776709,506918,116122,46,6514905,Bobo-Dioulasso,4938
2018-10-03 00:00:00.000,1571,1776709,506918,116122,46,6514905,Bouaké,3507
2018-10-03 00:00:00.000,1571,1776709,506918,116122,46,6514905,Brazzaville,10344
2018-10-03 00:00:00.000,1571,1776709,506918,116122,46,6514905,Bujumbura,2574
2018-10-03 00:00:00.000,1571,1776709,506918,116122,46,6514905,Casablanca,3960
2018-10-03 00:00:00.000,1571,1776709,506918,116122,46,6514905,Cocody,4009
2018-10-03 00:00:00.000,1571,1776709,506918,116122,46,6514905,Conakry,30422
2018-10-03 00:00:00.000,1571,1776709,506918,116122,46,6514905,Cotonou,9417
2018-10-03 00:00:00.000,1571,1776709,506918,116122,46,6514905,Dakar,51794
2018-10-03 00:00:00.000,1571,1776709,506918,116122,46,6514905,Djibouti (ville),3155
2018-10-03 00:00:00.000,1571,1776709,506918,116122,46,6514905,Douala,45163
2018-10-03 00:00:00.000,1571,1776709,506918,116122,46,6514905,Fianarantsoa,2374
2018-10-03 00:00:00.000,1571,1776709,506918,116122,46,6514905,Jaúnde,12196
2018-10-03 00:00:00.000,1571,1776709,506918,116122,46,6514905,Kinshasa,32312
2018-10-03 00:00:00.000,1571,1776709,506918,116122,46,6514905,Libreville,19240
2018-10-03 00:00:00.000,1571,1776709,506918,116122,46,6514905,Lomé,8904
2018-10-03 00:00:00.000,1571,1776709,506918,116122,46,6514905,Luanda,4638
2018-10-03 00:00:00.000,1571,1776709,506918,116122,46,6514905,Lubumbashi,5602
2018-10-03 00:00:00.000,1571,1776709,506918,116122,46,6514905,Montréal,2898
2018-10-03 00:00:00.000,1571,1776709,506918,116122,46,6514905,Moroni,3054
2018-10-03 00:00:00.000,1571,1776709,506918,116122,46,6514905,N'Djaména,2897
2018-10-03 00:00:00.000,1571,1776709,506918,116122,46,6514905,Ngaoundéré,2333
2018-10-03 00:00:00.000,1571,1776709,506918,116122,46,6514905,Niamey,7841
2018-10-03 00:00:00.000,1571,1776709,506918,116122,46,6514905,Nouakchott,3383
2018-10-03 00:00:00.000,1571,1776709,506918,116122,46,6514905,Nouméa,2969
2018-10-03 00:00:00.000,1571,1776709,506918,116122,46,6514905,Oran,2917
2018-10-03 00:00:00.000,1571,1776709,506918,116122,46,6514905,Ouagadougou,30293
2018-10-03 00:00:00.000,1571,1776709,506918,116122,46,6514905,Paris,16923
2018-10-03 00:00:00.000,1571,1776709,506918,116122,46,6514905,Pointe-Noire,6425
2018-10-03 00:00:00.000,1571,1776709,506918,116122,46,6514905,Port-Louis,7398
2018-10-03 00:00:00.000,1571,1776709,506918,116122,46,6514905,Port-au-Prince,11311
2018-10-03 00:00:00.000,1571,1776709,506918,116122,46,6514905,Région de Bruxelles-Capitale,2634
2018-10-03 00:00:00.000,1571,1776709,506918,116122,46,6514905,Saint-Denis (La Réunion),3759
2018-10-03 00:00:00.000,1571,1776709,506918,116122,46,6514905,Saint-Louis,2340
2018-10-03 00:00:00.000,1571,1776709,506918,116122,46,6514905,Tananarive,7508
2018-10-03 00:00:00.000,1571,1776709,506918,116122,46,6514905,Thiès,3919
2018-10-03 00:00:00.000,1571,1776709,506918,116122,46,6514905,Tizi Ouzou,2531
2018-10-03 00:00:00.000,1571,1776709,506918,116122,46,6514905,Tunis,6720
2018-10-03 00:00:00.000,1571,1776709,506918,116122,46,6514905,Yaoundé,21060
2018-10-04 00:00:00.000,1571,1763473,507243,114578,55,6199481,Abidjan,83795
2018-10-04 00:00:00.000,1571,1763473,507243,114578,55,6199481,Alger,10516
2018-10-04 00:00:00.000,1571,1763473,507243,114578,55,6199481,Antananarivo,38326
2018-10-04 00:00:00.000,1571,1763473,507243,114578,55,6199481,Béjaïa,2328
2018-10-04 00:00:00.000,1571,1763473,507243,114578,55,6199481,Bamako,31076
2018-10-04 00:00:00.000,1571,1763473,507243,114578,55,6199481,Bangui,4413
2018-10-04 00:00:00.000,1571,1763473,507243,114578,55,6199481,Bobo-Dioulasso,4950
2018-10-04 00:00:00.000,1571,1763473,507243,114578,55,6199481,Bouaké,3514
2018-10-04 00:00:00.000,1571,1763473,507243,114578,55,6199481,Brazzaville,10370
2018-10-04 00:00:00.000,1571,1763473,507243,114578,55,6199481,Bujumbura,2581
2018-10-04 00:00:00.000,1571,1763473,507243,114578,55,6199481,Casablanca,3961
2018-10-04 00:00:00.000,1571,1763473,507243,114578,55,6199481,Cocody,4012
2018-10-04 00:00:00.000,1571,1763473,507243,114578,55,6199481,Conakry,30464
2018-10-04 00:00:00.000,1571,1763473,507243,114578,55,6199481,Cotonou,9426
2018-10-04 00:00:00.000,1571,1763473,507243,114578,55,6199481,Dakar,51863
2018-10-04 00:00:00.000,1571,1763473,507243,114578,55,6199481,Djibouti (ville),3161
2018-10-04 00:00:00.000,1571,1763473,507243,114578,55,6199481,Douala,45237
2018-10-04 00:00:00.000,1571,1763473,507243,114578,55,6199481,Fianarantsoa,2373
2018-10-04 00:00:00.000,1571,1763473,507243,114578,55,6199481,Jaúnde,12217
2018-10-04 00:00:00.000,1571,1763473,507243,114578,55,6199481,Kinshasa,32383
2018-10-04 00:00:00.000,1571,1763473,507243,114578,55,6199481,Libreville,19265
2018-10-04 00:00:00.000,1571,1763473,507243,114578,55,6199481,Lomé,8915
2018-10-04 00:00:00.000,1571,1763473,507243,114578,55,6199481,Luanda,4648
2018-10-04 00:00:00.000,1571,1763473,507243,114578,55,6199481,Lubumbashi,5616
2018-10-04 00:00:00.000,1571,1763473,507243,114578,55,6199481,Montréal,2902
2018-10-04 00:00:00.000,1571,1763473,507243,114578,55,6199481,Moroni,3064
2018-10-04 00:00:00.000,1571,1763473,507243,114578,55,6199481,N'Djaména,2901
2018-10-04 00:00:00.000,1571,1763473,507243,114578,55,6199481,Ngaoundéré,2335
2018-10-04 00:00:00.000,1571,1763473,507243,114578,55,6199481,Niamey,7851
2018-10-04 00:00:00.000,1571,1763473,507243,114578,55,6199481,Nouakchott,3387
2018-10-04 00:00:00.000,1571,1763473,507243,114578,55,6199481,Nouméa,2973
2018-10-04 00:00:00.000,1571,1763473,507243,114578,55,6199481,Oran,2915
2018-10-04 00:00:00.000,1571,1763473,507243,114578,55,6199481,Ouagadougou,30345
2018-10-04 00:00:00.000,1571,1763473,507243,114578,55,6199481,Paris,16952
2018-10-04 00:00:00.000,1571,1763473,507243,114578,55,6199481,Pointe-Noire,6435
2018-10-04 00:00:00.000,1571,1763473,507243,114578,55,6199481,Port-Louis,7407
2018-10-04 00:00:00.000,1571,1763473,507243,114578,55,6199481,Port-au-Prince,11331
2018-10-04 00:00:00.000,1571,1763473,507243,114578,55,6199481,Région de Bruxelles-Capitale,2637
2018-10-04 00:00:00.000,1571,1763473,507243,114578,55,6199481,Saint-Denis (La Réunion),3762
2018-10-04 00:00:00.000,1571,1763473,507243,114578,55,6199481,Saint-Louis,2341
2018-10-04 00:00:00.000,1571,1763473,507243,114578,55,6199481,Tananarive,7516
2018-10-04 00:00:00.000,1571,1763473,507243,114578,55,6199481,Thiès,3920
2018-10-04 00:00:00.000,1571,1763473,507243,114578,55,6199481,Tizi Ouzou,2535
2018-10-04 00:00:00.000,1571,1763473,507243,114578,55,6199481,Tunis,6727
2018-10-04 00:00:00.000,1571,1763473,507243,114578,55,6199481,Yaoundé,21086
2018-10-05 00:00:00.000,1596,1820084,528932,112382,49,6145437,Abidjan,83908
2018-10-05 00:00:00.000,1596,1820084,528932,112382,49,6145437,Alger,10527
2018-10-05 00:00:00.000,1596,1820084,528932,112382,49,6145437,Antananarivo,38354
2018-10-05 00:00:00.000,1596,1820084,528932,112382,49,6145437,Béjaïa,2331
2018-10-05 00:00:00.000,1596,1820084,528932,112382,49,6145437,Bamako,31129
2018-10-05 00:00:00.000,1596,1820084,528932,112382,49,6145437,Bangui,4419
2018-10-05 00:00:00.000,1596,1820084,528932,112382,49,6145437,Bobo-Dioulasso,4963
2018-10-05 00:00:00.000,1596,1820084,528932,112382,49,6145437,Bouaké,3526
2018-10-05 00:00:00.000,1596,1820084,528932,112382,49,6145437,Brazzaville,10392
2018-10-05 00:00:00.000,1596,1820084,528932,112382,49,6145437,Bujumbura,2587
2018-10-05 00:00:00.000,1596,1820084,528932,112382,49,6145437,Casablanca,3963
2018-10-05 00:00:00.000,1596,1820084,528932,112382,49,6145437,Cocody,4018
2018-10-05 00:00:00.000,1596,1820084,528932,112382,49,6145437,Conakry,30521
2018-10-05 00:00:00.000,1596,1820084,528932,112382,49,6145437,Cotonou,9440
2018-10-05 00:00:00.000,1596,1820084,528932,112382,49,6145437,Dakar,51918
2018-10-05 00:00:00.000,1596,1820084,528932,112382,49,6145437,Djibouti (ville),3173
2018-10-05 00:00:00.000,1596,1820084,528932,112382,49,6145437,Douala,45300
2018-10-05 00:00:00.000,1596,1820084,528932,112382,49,6145437,Fianarantsoa,2374
2018-10-05 00:00:00.000,1596,1820084,528932,112382,49,6145437,Jaúnde,12239
2018-10-05 00:00:00.000,1596,1820084,528932,112382,49,6145437,Kinshasa,32476
2018-10-05 00:00:00.000,1596,1820084,528932,112382,49,6145437,Libreville,19294
2018-10-05 00:00:00.000,1596,1820084,528932,112382,49,6145437,Lomé,8924
2018-10-05 00:00:00.000,1596,1820084,528932,112382,49,6145437,Luanda,4654
2018-10-05 00:00:00.000,1596,1820084,528932,112382,49,6145437,Lubumbashi,5628
2018-10-05 00:00:00.000,1596,1820084,528932,112382,49,6145437,Montréal,2903
2018-10-05 00:00:00.000,1596,1820084,528932,112382,49,6145437,Moroni,3072
2018-10-05 00:00:00.000,1596,1820084,528932,112382,49,6145437,N'Djaména,2904
2018-10-05 00:00:00.000,1596,1820084,528932,112382,49,6145437,Ngaoundéré,2337
2018-10-05 00:00:00.000,1596,1820084,528932,112382,49,6145437,Niamey,7860
2018-10-05 00:00:00.000,1596,1820084,528932,112382,49,6145437,Nouakchott,3389
2018-10-05 00:00:00.000,1596,1820084,528932,112382,49,6145437,Nouméa,2980
2018-10-05 00:00:00.000,1596,1820084,528932,112382,49,6145437,Oran,2917
2018-10-05 00:00:00.000,1596,1820084,528932,112382,49,6145437,Ouagadougou,30400
2018-10-05 00:00:00.000,1596,1820084,528932,112382,49,6145437,Paris,16985
2018-10-05 00:00:00.000,1596,1820084,528932,112382,49,6145437,Pointe-Noire,6447
2018-10-05 00:00:00.000,1596,1820084,528932,112382,49,6145437,Port-Louis,7417
2018-10-05 00:00:00.000,1596,1820084,528932,112382,49,6145437,Port-au-Prince,11363
2018-10-05 00:00:00.000,1596,1820084,528932,112382,49,6145437,Région de Bruxelles-Capitale,2638
2018-10-05 00:00:00.000,1596,1820084,528932,112382,49,6145437,Saint-Denis (La Réunion),3762
2018-10-05 00:00:00.000,1596,1820084,528932,112382,49,6145437,Saint-Louis,2342
2018-10-05 00:00:00.000,1596,1820084,528932,112382,49,6145437,Tananarive,7522
2018-10-05 00:00:00.000,1596,1820084,528932,112382,49,6145437,Thiès,3924
2018-10-05 00:00:00.000,1596,1820084,528932,112382,49,6145437,Tizi Ouzou,2537
2018-10-05 00:00:00.000,1596,1820084,528932,112382,49,6145437,Tunis,6733
2018-10-05 00:00:00.000,1596,1820084,528932,112382,49,6145437,Yaoundé,21107
2018-10-06 00:00:00.000,1570,1720385,535187,105004,60,6329891,Abidjan,84022
2018-10-06 00:00:00.000,1570,1720385,535187,105004,60,6329891,Alger,10534
2018-10-06 00:00:00.000,1570,1720385,535187,105004,60,6329891,Antananarivo,38380
2018-10-06 00:00:00.000,1570,1720385,535187,105004,60,6329891,Béjaïa,2335
2018-10-06 00:00:00.000,1570,1720385,535187,105004,60,6329891,Bamako,31171
2018-10-06 00:00:00.000,1570,1720385,535187,105004,60,6329891,Bangui,4422
2018-10-06 00:00:00.000,1570,1720385,535187,105004,60,6329891,Bobo-Dioulasso,4971
2018-10-06 00:00:00.000,1570,1720385,535187,105004,60,6329891,Bouaké,3537
2018-10-06 00:00:00.000,1570,1720385,535187,105004,60,6329891,Brazzaville,10415
2018-10-06 00:00:00.000,1570,1720385,535187,105004,60,6329891,Bujumbura,2594
2018-10-06 00:00:00.000,1570,1720385,535187,105004,60,6329891,Casablanca,3967
2018-10-06 00:00:00.000,1570,1720385,535187,105004,60,6329891,Cocody,4021
2018-10-06 00:00:00.000,1570,1720385,535187,105004,60,6329891,Conakry,30574
2018-10-06 00:00:00.000,1570,1720385,535187,105004,60,6329891,Cotonou,9458
2018-10-06 00:00:00.000,1570,1720385,535187,105004,60,6329891,Dakar,51969
2018-10-06 00:00:00.000,1570,1720385,535187,105004,60,6329891,Djibouti (ville),3177
2018-10-06 00:00:00.000,1570,1720385,535187,105004,60,6329891,Douala,45357
2018-10-06 00:00:00.000,1570,1720385,535187,105004,60,6329891,Fianarantsoa,2380
2018-10-06 00:00:00.000,1570,1720385,535187,105004,60,6329891,Jaúnde,12261
2018-10-06 00:00:00.000,1570,1720385,535187,105004,60,6329891,Kinshasa,32552
2018-10-06 00:00:00.000,1570,1720385,535187,105004,60,6329891,Libreville,19320
2018-10-06 00:00:00.000,1570,1720385,535187,105004,60,6329891,Lomé,8936
2018-10-06 00:00:00.000,1570,1720385,535187,105004,60,6329891,Luanda,4662
2018-10-06 00:00:00.000,1570,1720385,535187,105004,60,6329891,Lubumbashi,5638
2018-10-06 00:00:00.000,1570,1720385,535187,105004,60,6329891,Montréal,2903
2018-10-06 00:00:00.000,1570,1720385,535187,105004,60,6329891,Moroni,3080
2018-10-06 00:00:00.000,1570,1720385,535187,105004,60,6329891,N'Djaména,2906
2018-10-06 00:00:00.000,1570,1720385,535187,105004,60,6329891,Ngaoundéré,2340
2018-10-06 00:00:00.000,1570,1720385,535187,105004,60,6329891,Niamey,7874
2018-10-06 00:00:00.000,1570,1720385,535187,105004,60,6329891,Nouakchott,3397
2018-10-06 00:00:00.000,1570,1720385,535187,105004,60,6329891,Nouméa,2981
2018-10-06 00:00:00.000,1570,1720385,535187,105004,60,6329891,Oran,2920
2018-10-06 00:00:00.000,1570,1720385,535187,105004,60,6329891,Ouagadougou,30460
2018-10-06 00:00:00.000,1570,1720385,535187,105004,60,6329891,Paris,17010
2018-10-06 00:00:00.000,1570,1720385,535187,105004,60,6329891,Pointe-Noire,6462
2018-10-06 00:00:00.000,1570,1720385,535187,105004,60,6329891,Port-Louis,7435
2018-10-06 00:00:00.000,1570,1720385,535187,105004,60,6329891,Port-au-Prince,11387
2018-10-06 00:00:00.000,1570,1720385,535187,105004,60,6329891,Région de Bruxelles-Capitale,2639
2018-10-06 00:00:00.000,1570,1720385,535187,105004,60,6329891,Saint-Denis (La Réunion),3762
2018-10-06 00:00:00.000,1570,1720385,535187,105004,60,6329891,Saint-Louis,2344
2018-10-06 00:00:00.000,1570,1720385,535187,105004,60,6329891,Tananarive,7525
2018-10-06 00:00:00.000,1570,1720385,535187,105004,60,6329891,Thiès,3929
2018-10-06 00:00:00.000,1570,1720385,535187,105004,60,6329891,Tizi Ouzou,2543
2018-10-06 00:00:00.000,1570,1720385,535187,105004,60,6329891,Tunis,6746
2018-10-06 00:00:00.000,1570,1720385,535187,105004,60,6329891,Yaoundé,21131
2018-10-07 00:00:00.000,1849,1878386,539458,115112,54,6833887,Abidjan,84003
2018-10-07 00:00:00.000,1849,1878386,539458,115112,54,6833887,Alger,10396
2018-10-07 00:00:00.000,1849,1878386,539458,115112,54,6833887,Antananarivo,38396
2018-10-07 00:00:00.000,1849,1878386,539458,115112,54,6833887,Béjaïa,2329
2018-10-07 00:00:00.000,1849,1878386,539458,115112,54,6833887,Bamako,31203
2018-10-07 00:00:00.000,1849,1878386,539458,115112,54,6833887,Bangui,4425
2018-10-07 00:00:00.000,1849,1878386,539458,115112,54,6833887,Bobo-Dioulasso,4991
2018-10-07 00:00:00.000,1849,1878386,539458,115112,54,6833887,Bouaké,3566
2018-10-07 00:00:00.000,1849,1878386,539458,115112,54,6833887,Brazzaville,10428
2018-10-07 00:00:00.000,1849,1878386,539458,115112,54,6833887,Bujumbura,2596
2018-10-07 00:00:00.000,1849,1878386,539458,115112,54,6833887,Casablanca,3972
2018-10-07 00:00:00.000,1849,1878386,539458,115112,54,6833887,Cocody,4078
2018-10-07 00:00:00.000,1849,1878386,539458,115112,54,6833887,Conakry,30614
2018-10-07 00:00:00.000,1849,1878386,539458,115112,54,6833887,Cotonou,9473
2018-10-07 00:00:00.000,1849,1878386,539458,115112,54,6833887,Dakar,52011
2018-10-07 00:00:00.000,1849,1878386,539458,115112,54,6833887,Djibouti (ville),3187
2018-10-07 00:00:00.000,1849,1878386,539458,115112,54,6833887,Douala,45443
2018-10-07 00:00:00.000,1849,1878386,539458,115112,54,6833887,Fianarantsoa,2387
2018-10-07 00:00:00.000,1849,1878386,539458,115112,54,6833887,Jaúnde,12287
2018-10-07 00:00:00.000,1849,1878386,539458,115112,54,6833887,Kinshasa,32644
2018-10-07 00:00:00.000,1849,1878386,539458,115112,54,6833887,Libreville,19347
2018-10-07 00:00:00.000,1849,1878386,539458,115112,54,6833887,Lomé,8950
2018-10-07 00:00:00.000,1849,1878386,539458,115112,54,6833887,Luanda,4673
2018-10-07 00:00:00.000,1849,1878386,539458,115112,54,6833887,Lubumbashi,5652
2018-10-07 00:00:00.000,1849,1878386,539458,115112,54,6833887,Montréal,2903
2018-10-07 00:00:00.000,1849,1878386,539458,115112,54,6833887,Moroni,3086
2018-10-07 00:00:00.000,1849,1878386,539458,115112,54,6833887,N'Djaména,2909
2018-10-07 00:00:00.000,1849,1878386,539458,115112,54,6833887,Ngaoundéré,2344
2018-10-07 00:00:00.000,1849,1878386,539458,115112,54,6833887,Niamey,7878
2018-10-07 00:00:00.000,1849,1878386,539458,115112,54,6833887,Nouakchott,3392
2018-10-07 00:00:00.000,1849,1878386,539458,115112,54,6833887,Nouméa,2982
2018-10-07 00:00:00.000,1849,1878386,539458,115112,54,6833887,Oran,3059
2018-10-07 00:00:00.000,1849,1878386,539458,115112,54,6833887,Ouagadougou,30394
2018-10-07 00:00:00.000,1849,1878386,539458,115112,54,6833887,Paris,17105
2018-10-07 00:00:00.000,1849,1878386,539458,115112,54,6833887,Pointe-Noire,6474
2018-10-07 00:00:00.000,1849,1878386,539458,115112,54,6833887,Port-Louis,7424
2018-10-07 00:00:00.000,1849,1878386,539458,115112,54,6833887,Port-au-Prince,11402
2018-10-07 00:00:00.000,1849,1878386,539458,115112,54,6833887,Région de Bruxelles-Capitale,2630
2018-10-07 00:00:00.000,1849,1878386,539458,115112,54,6833887,Saint-Denis (La Réunion),3769
2018-10-07 00:00:00.000,1849,1878386,539458,115112,54,6833887,Saint-Louis,2348
2018-10-07 00:00:00.000,1849,1878386,539458,115112,54,6833887,Tananarive,7552
2018-10-07 00:00:00.000,1849,1878386,539458,115112,54,6833887,Thiès,3937
2018-10-07 00:00:00.000,1849,1878386,539458,115112,54,6833887,Tizi Ouzou,2532
2018-10-07 00:00:00.000,1849,1878386,539458,115112,54,6833887,Tunis,6771
2018-10-07 00:00:00.000,1849,1878386,539458,115112,54,6833887,Yaoundé,21150
2018-10-08 00:00:00.000,1971,1931462,555343,125268,59,6925862,Abidjan,84161
2018-10-08 00:00:00.000,1971,1931462,555343,125268,59,6925862,Alger,10405
2018-10-08 00:00:00.000,1971,1931462,555343,125268,59,6925862,Antananarivo,38481
2018-10-08 00:00:00.000,1971,1931462,555343,125268,59,6925862,Béjaïa,2331
2018-10-08 00:00:00.000,1971,1931462,555343,125268,59,6925862,Bamako,31262
2018-10-08 00:00:00.000,1971,1931462,555343,125268,59,6925862,Bangui,4433
2018-10-08 00:00:00.000,1971,1931462,555343,125268,59,6925862,Bobo-Dioulasso,5004
2018-10-08 00:00:00.000,1971,1931462,555343,125268,59,6925862,Bouaké,3573
2018-10-08 00:00:00.000,1971,1931462,555343,125268,59,6925862,Brazzaville,10452
2018-10-08 00:00:00.000,1971,1931462,555343,125268,59,6925862,Bujumbura,2601
2018-10-08 00:00:00.000,1971,1931462,555343,125268,59,6925862,Casablanca,3975
2018-10-08 00:00:00.000,1971,1931462,555343,125268,59,6925862,Cocody,4083
2018-10-08 00:00:00.000,1971,1931462,555343,125268,59,6925862,Conakry,30681
2018-10-08 00:00:00.000,1971,1931462,555343,125268,59,6925862,Cotonou,9502
2018-10-08 00:00:00.000,1971,1931462,555343,125268,59,6925862,Dakar,52086
2018-10-08 00:00:00.000,1971,1931462,555343,125268,59,6925862,Djibouti (ville),3200
2018-10-08 00:00:00.000,1971,1931462,555343,125268,59,6925862,Douala,45541
2018-10-08 00:00:00.000,1971,1931462,555343,125268,59,6925862,Fianarantsoa,2388
2018-10-08 00:00:00.000,1971,1931462,555343,125268,59,6925862,Jaúnde,12309
2018-10-08 00:00:00.000,1971,1931462,555343,125268,59,6925862,Kinshasa,32737
2018-10-08 00:00:00.000,1971,1931462,555343,125268,59,6925862,Libreville,19387
2018-10-08 00:00:00.000,1971,1931462,555343,125268,59,6925862,Lomé,8967
2018-10-08 00:00:00.000,1971,1931462,555343,125268,59,6925862,Luanda,4687
2018-10-08 00:00:00.000,1971,1931462,555343,125268,59,6925862,Lubumbashi,5670
2018-10-08 00:00:00.000,1971,1931462,555343,125268,59,6925862,Montréal,2907
2018-10-08 00:00:00.000,1971,1931462,555343,125268,59,6925862,Moroni,3099
2018-10-08 00:00:00.000,1971,1931462,555343,125268,59,6925862,N'Djaména,2910
2018-10-08 00:00:00.000,1971,1931462,555343,125268,59,6925862,Ngaoundéré,2351
2018-10-08 00:00:00.000,1971,1931462,555343,125268,59,6925862,Niamey,7892
2018-10-08 00:00:00.000,1971,1931462,555343,125268,59,6925862,Nouakchott,3396
2018-10-08 00:00:00.000,1971,1931462,555343,125268,59,6925862,Nouméa,2985
2018-10-08 00:00:00.000,1971,1931462,555343,125268,59,6925862,Oran,3063
2018-10-08 00:00:00.000,1971,1931462,555343,125268,59,6925862,Ouagadougou,30445
2018-10-08 00:00:00.000,1971,1931462,555343,125268,59,6925862,Paris,17127
2018-10-08 00:00:00.000,1971,1931462,555343,125268,59,6925862,Pointe-Noire,6483
2018-10-08 00:00:00.000,1971,1931462,555343,125268,59,6925862,Port-Louis,7435
2018-10-08 00:00:00.000,1971,1931462,555343,125268,59,6925862,Port-au-Prince,11428
2018-10-08 00:00:00.000,1971,1931462,555343,125268,59,6925862,Région de Bruxelles-Capitale,2632
2018-10-08 00:00:00.000,1971,1931462,555343,125268,59,6925862,Saint-Denis (La Réunion),3774
2018-10-08 00:00:00.000,1971,1931462,555343,125268,59,6925862,Saint-Louis,2353
2018-10-08 00:00:00.000,1971,1931462,555343,125268,59,6925862,Tananarive,7561
2018-10-08 00:00:00.000,1971,1931462,555343,125268,59,6925862,Thiès,3944
2018-10-08 00:00:00.000,1971,1931462,555343,125268,59,6925862,Tizi Ouzou,2531
2018-10-08 00:00:00.000,1971,1931462,555343,125268,59,6925862,Tunis,6791
2018-10-08 00:00:00.000,1971,1931462,555343,125268,59,6925862,Yaoundé,21171
2018-10-09 00:00:00.000,1800,1921633,569962,126961,45,6618874,Abidjan,84061
2018-10-09 00:00:00.000,1800,1921633,569962,126961,45,6618874,Alger,10426
2018-10-09 00:00:00.000,1800,1921633,569962,126961,45,6618874,Antananarivo,38522
2018-10-09 00:00:00.000,1800,1921633,569962,126961,45,6618874,Béjaïa,2351
2018-10-09 00:00:00.000,1800,1921633,569962,126961,45,6618874,Bamako,31248
2018-10-09 00:00:00.000,1800,1921633,569962,126961,45,6618874,Bangui,4448
2018-10-09 00:00:00.000,1800,1921633,569962,126961,45,6618874,Bobo-Dioulasso,5028
2018-10-09 00:00:00.000,1800,1921633,569962,126961,45,6618874,Bouaké,3605
2018-10-09 00:00:00.000,1800,1921633,569962,126961,45,6618874,Brazzaville,10444
2018-10-09 00:00:00.000,1800,1921633,569962,126961,45,6618874,Bujumbura,2602
2018-10-09 00:00:00.000,1800,1921633,569962,126961,45,6618874,Casablanca,3989
2018-10-09 00:00:00.000,1800,1921633,569962,126961,45,6618874,Cocody,4199
2018-10-09 00:00:00.000,1800,1921633,569962,126961,45,6618874,Conakry,30733
2018-10-09 00:00:00.000,1800,1921633,569962,126961,45,6618874,Cotonou,9517
2018-10-09 00:00:00.000,1800,1921633,569962,126961,45,6618874,Dakar,52116
2018-10-09 00:00:00.000,1800,1921633,569962,126961,45,6618874,Djibouti (ville),3212
2018-10-09 00:00:00.000,1800,1921633,569962,126961,45,6618874,Douala,46015
2018-10-09 00:00:00.000,1800,1921633,569962,126961,45,6618874,Fianarantsoa,2389
2018-10-09 00:00:00.000,1800,1921633,569962,126961,45,6618874,Jaúnde,11671
2018-10-09 00:00:00.000,1800,1921633,569962,126961,45,6618874,Kinshasa,32813
2018-10-09 00:00:00.000,1800,1921633,569962,126961,45,6618874,Libreville,19429
2018-10-09 00:00:00.000,1800,1921633,569962,126961,45,6618874,Lomé,8958
2018-10-09 00:00:00.000,1800,1921633,569962,126961,45,6618874,Luanda,4705
2018-10-09 00:00:00.000,1800,1921633,569962,126961,45,6618874,Lubumbashi,5681
2018-10-09 00:00:00.000,1800,1921633,569962,126961,45,6618874,Montréal,2919
2018-10-09 00:00:00.000,1800,1921633,569962,126961,45,6618874,Moroni,3101
2018-10-09 00:00:00.000,1800,1921633,569962,126961,45,6618874,N'Djaména,2910
2018-10-09 00:00:00.000,1800,1921633,569962,126961,45,6618874,Ngaoundéré,2384
2018-10-09 00:00:00.000,1800,1921633,569962,126961,45,6618874,Niamey,7904
2018-10-09 00:00:00.000,1800,1921633,569962,126961,45,6618874,Nouakchott,3402
2018-10-09 00:00:00.000,1800,1921633,569962,126961,45,6618874,Nouméa,2985
2018-10-09 00:00:00.000,1800,1921633,569962,126961,45,6618874,Oran,3074
2018-10-09 00:00:00.000,1800,1921633,569962,126961,45,6618874,Ouagadougou,30422
2018-10-09 00:00:00.000,1800,1921633,569962,126961,45,6618874,Paris,17270
2018-10-09 00:00:00.000,1800,1921633,569962,126961,45,6618874,Pointe-Noire,6503
2018-10-09 00:00:00.000,1800,1921633,569962,126961,45,6618874,Port-Louis,7426
2018-10-09 00:00:00.000,1800,1921633,569962,126961,45,6618874,Port-au-Prince,11443
2018-10-09 00:00:00.000,1800,1921633,569962,126961,45,6618874,Région de Bruxelles-Capitale,2657
2018-10-09 00:00:00.000,1800,1921633,569962,126961,45,6618874,Saint-Denis (La Réunion),3769
2018-10-09 00:00:00.000,1800,1921633,569962,126961,45,6618874,Saint-Louis,2369
2018-10-09 00:00:00.000,1800,1921633,569962,126961,45,6618874,Tananarive,7619
2018-10-09 00:00:00.000,1800,1921633,569962,126961,45,6618874,Thiès,3939
2018-10-09 00:00:00.000,1800,1921633,569962,126961,45,6618874,Tizi Ouzou,2570
2018-10-09 00:00:00.000,1800,1921633,569962,126961,45,6618874,Tunis,6834
2018-10-09 00:00:00.000,1800,1921633,569962,126961,45,6618874,Yaoundé,21343
2018-10-10 00:00:00.000,2039,2029139,588512,142742,73,7620247,Abidjan,84028
2018-10-10 00:00:00.000,2039,2029139,588512,142742,73,7620247,Alger,10440
2018-10-10 00:00:00.000,2039,2029139,588512,142742,73,7620247,Antananarivo,38552
2018-10-10 00:00:00.000,2039,2029139,588512,142742,73,7620247,Béjaïa,2357
2018-10-10 00:00:00.000,2039,2029139,588512,142742,73,7620247,Bamako,31300
2018-10-10 00:00:00.000,2039,2029139,588512,142742,73,7620247,Bangui,4448
2018-10-10 00:00:00.000,2039,2029139,588512,142742,73,7620247,Bobo-Dioulasso,5074
2018-10-10 00:00:00.000,2039,2029139,588512,142742,73,7620247,Bouaké,3637
2018-10-10 00:00:00.000,2039,2029139,588512,142742,73,7620247,Brazzaville,10453
2018-10-10 00:00:00.000,2039,2029139,588512,142742,73,7620247,Bujumbura,2599
2018-10-10 00:00:00.000,2039,2029139,588512,142742,73,7620247,Casablanca,4010
2018-10-10 00:00:00.000,2039,2029139,588512,142742,73,7620247,Cocody,4261
2018-10-10 00:00:00.000,2039,2029139,588512,142742,73,7620247,Conakry,30763
2018-10-10 00:00:00.000,2039,2029139,588512,142742,73,7620247,Cotonou,9551
2018-10-10 00:00:00.000,2039,2029139,588512,142742,73,7620247,Dakar,52157
2018-10-10 00:00:00.000,2039,2029139,588512,142742,73,7620247,Djibouti (ville),3221
2018-10-10 00:00:00.000,2039,2029139,588512,142742,73,7620247,Douala,46023
2018-10-10 00:00:00.000,2039,2029139,588512,142742,73,7620247,Fianarantsoa,2389
2018-10-10 00:00:00.000,2039,2029139,588512,142742,73,7620247,Jaúnde,11756
2018-10-10 00:00:00.000,2039,2029139,588512,142742,73,7620247,Kinshasa,32866
2018-10-10 00:00:00.000,2039,2029139,588512,142742,73,7620247,Libreville,19460
2018-10-10 00:00:00.000,2039,2029139,588512,142742,73,7620247,Lomé,8963
2018-10-10 00:00:00.000,2039,2029139,588512,142742,73,7620247,Luanda,4723
2018-10-10 00:00:00.000,2039,2029139,588512,142742,73,7620247,Lubumbashi,5695
2018-10-10 00:00:00.000,2039,2029139,588512,142742,73,7620247,Montréal,2913
2018-10-10 00:00:00.000,2039,2029139,588512,142742,73,7620247,Moroni,3109
2018-10-10 00:00:00.000,2039,2029139,588512,142742,73,7620247,N'Djaména,2912
2018-10-10 00:00:00.000,2039,2029139,588512,142742,73,7620247,Ngaoundéré,2385
2018-10-10 00:00:00.000,2039,2029139,588512,142742,73,7620247,Niamey,7904
2018-10-10 00:00:00.000,2039,2029139,588512,142742,73,7620247,Nouakchott,3392
2018-10-10 00:00:00.000,2039,2029139,588512,142742,73,7620247,Nouméa,2998
2018-10-10 00:00:00.000,2039,2029139,588512,142742,73,7620247,Oran,3075
2018-10-10 00:00:00.000,2039,2029139,588512,142742,73,7620247,Ouagadougou,30384
2018-10-10 00:00:00.000,2039,2029139,588512,142742,73,7620247,Paris,17402
2018-10-10 00:00:00.000,2039,2029139,588512,142742,73,7620247,Pointe-Noire,6505
2018-10-10 00:00:00.000,2039,2029139,588512,142742,73,7620247,Port-Louis,7429
2018-10-10 00:00:00.000,2039,2029139,588512,142742,73,7620247,Port-au-Prince,11497
2018-10-10 00:00:00.000,2039,2029139,588512,142742,73,7620247,Région de Bruxelles-Capitale,2661
2018-10-10 00:00:00.000,2039,2029139,588512,142742,73,7620247,Saint-Denis (La Réunion),3756
2018-10-10 00:00:00.000,2039,2029139,588512,142742,73,7620247,Saint-Louis,2373
2018-10-10 00:00:00.000,2039,2029139,588512,142742,73,7620247,Tananarive,7659
2018-10-10 00:00:00.000,2039,2029139,588512,142742,73,7620247,Thiès,3952
2018-10-10 00:00:00.000,2039,2029139,588512,142742,73,7620247,Tizi Ouzou,2568
2018-10-10 00:00:00.000,2039,2029139,588512,142742,73,7620247,Tunis,6853
2018-10-10 00:00:00.000,2039,2029139,588512,142742,73,7620247,Yaoundé,21347
2018-10-11 00:00:00.000,2260,2180130,611996,143357,62,7806434,Abidjan,83974
2018-10-11 00:00:00.000,2260,2180130,611996,143357,62,7806434,Alger,10577
2018-10-11 00:00:00.000,2260,2180130,611996,143357,62,7806434,Antananarivo,38632
2018-10-11 00:00:00.000,2260,2180130,611996,143357,62,7806434,Béjaïa,2369
2018-10-11 00:00:00.000,2260,2180130,611996,143357,62,7806434,Bamako,31358
2018-10-11 00:00:00.000,2260,2180130,611996,143357,62,7806434,Bangui,4449
2018-10-11 00:00:00.000,2260,2180130,611996,143357,62,7806434,Bobo-Dioulasso,5088
2018-10-11 00:00:00.000,2260,2180130,611996,143357,62,7806434,Bouaké,3675
2018-10-11 00:00:00.000,2260,2180130,611996,143357,62,7806434,Brazzaville,10462
2018-10-11 00:00:00.000,2260,2180130,611996,143357,62,7806434,Bujumbura,2603
2018-10-11 00:00:00.000,2260,2180130,611996,143357,62,7806434,Casablanca,4022
2018-10-11 00:00:00.000,2260,2180130,611996,143357,62,7806434,Cocody,4300
2018-10-11 00:00:00.000,2260,2180130,611996,143357,62,7806434,Conakry,30838
2018-10-11 00:00:00.000,2260,2180130,611996,143357,62,7806434,Cotonou,9561
2018-10-11 00:00:00.000,2260,2180130,611996,143357,62,7806434,Dakar,52232
2018-10-11 00:00:00.000,2260,2180130,611996,143357,62,7806434,Djibouti (ville),3233
2018-10-11 00:00:00.000,2260,2180130,611996,143357,62,7806434,Douala,46041
2018-10-11 00:00:00.000,2260,2180130,611996,143357,62,7806434,Fianarantsoa,2396
2018-10-11 00:00:00.000,2260,2180130,611996,143357,62,7806434,Jaúnde,11867
2018-10-11 00:00:00.000,2260,2180130,611996,143357,62,7806434,Kinshasa,32962
2018-10-11 00:00:00.000,2260,2180130,611996,143357,62,7806434,Libreville,19501
2018-10-11 00:00:00.000,2260,2180130,611996,143357,62,7806434,Lomé,8986
2018-10-11 00:00:00.000,2260,2180130,611996,143357,62,7806434,Luanda,4736
2018-10-11 00:00:00.000,2260,2180130,611996,143357,62,7806434,Lubumbashi,5718
2018-10-11 00:00:00.000,2260,2180130,611996,143357,62,7806434,Montréal,2914
2018-10-11 00:00:00.000,2260,2180130,611996,143357,62,7806434,Moroni,3117
2018-10-11 00:00:00.000,2260,2180130,611996,143357,62,7806434,N'Djaména,2913
2018-10-11 00:00:00.000,2260,2180130,611996,143357,62,7806434,Ngaoundéré,2387
2018-10-11 00:00:00.000,2260,2180130,611996,143357,62,7806434,Niamey,7910
2018-10-11 00:00:00.000,2260,2180130,611996,143357,62,7806434,Nouakchott,3400
2018-10-11 00:00:00.000,2260,2180130,611996,143357,62,7806434,Nouméa,2995
2018-10-11 00:00:00.000,2260,2180130,611996,143357,62,7806434,Oran,2959
2018-10-11 00:00:00.000,2260,2180130,611996,143357,62,7806434,Ouagadougou,30458
2018-10-11 00:00:00.000,2260,2180130,611996,143357,62,7806434,Paris,17515
2018-10-11 00:00:00.000,2260,2180130,611996,143357,62,7806434,Pointe-Noire,6515
2018-10-11 00:00:00.000,2260,2180130,611996,143357,62,7806434,Port-Louis,7451
2018-10-11 00:00:00.000,2260,2180130,611996,143357,62,7806434,Port-au-Prince,11457
2018-10-11 00:00:00.000,2260,2180130,611996,143357,62,7806434,Région de Bruxelles-Capitale,2678
2018-10-11 00:00:00.000,2260,2180130,611996,143357,62,7806434,Saint-Denis (La Réunion),3772
2018-10-11 00:00:00.000,2260,2180130,611996,143357,62,7806434,Saint-Louis,2383
2018-10-11 00:00:00.000,2260,2180130,611996,143357,62,7806434,Tananarive,7679
2018-10-11 00:00:00.000,2260,2180130,611996,143357,62,7806434,Thiès,3965
2018-10-11 00:00:00.000,2260,2180130,611996,143357,62,7806434,Tizi Ouzou,2603
2018-10-11 00:00:00.000,2260,2180130,611996,143357,62,7806434,Tunis,6893
2018-10-11 00:00:00.000,2260,2180130,611996,143357,62,7806434,Yaoundé,21273
2018-10-12 00:00:00.000,2143,2163699,624873,139706,61,7934949,Abidjan,84030
2018-10-12 00:00:00.000,2143,2163699,624873,139706,61,7934949,Alger,10593
2018-10-12 00:00:00.000,2143,2163699,624873,139706,61,7934949,Antananarivo,38683
2018-10-12 00:00:00.000,2143,2163699,624873,139706,61,7934949,Béjaïa,2370
2018-10-12 00:00:00.000,2143,2163699,624873,139706,61,7934949,Bamako,31416
2018-10-12 00:00:00.000,2143,2163699,624873,139706,61,7934949,Bangui,4460
2018-10-12 00:00:00.000,2143,2163699,624873,139706,61,7934949,Bobo-Dioulasso,5100
2018-10-12 00:00:00.000,2143,2163699,624873,139706,61,7934949,Bouaké,3687
2018-10-12 00:00:00.000,2143,2163699,624873,139706,61,7934949,Brazzaville,10482
2018-10-12 00:00:00.000,2143,2163699,624873,139706,61,7934949,Bujumbura,2610
2018-10-12 00:00:00.000,2143,2163699,624873,139706,61,7934949,Casablanca,4041
2018-10-12 00:00:00.000,2143,2163699,624873,139706,61,7934949,Cocody,4349
2018-10-12 00:00:00.000,2143,2163699,624873,139706,61,7934949,Conakry,30904
2018-10-12 00:00:00.000,2143,2163699,624873,139706,61,7934949,Cotonou,9578
2018-10-12 00:00:00.000,2143,2163699,624873,139706,61,7934949,Dakar,52308
2018-10-12 00:00:00.000,2143,2163699,624873,139706,61,7934949,Djibouti (ville),3239
2018-10-12 00:00:00.000,2143,2163699,624873,139706,61,7934949,Douala,46136
2018-10-12 00:00:00.000,2143,2163699,624873,139706,61,7934949,Fianarantsoa,2399
2018-10-12 00:00:00.000,2143,2163699,624873,139706,61,7934949,Jaúnde,11944
2018-10-12 00:00:00.000,2143,2163699,624873,139706,61,7934949,Kinshasa,33066
2018-10-12 00:00:00.000,2143,2163699,624873,139706,61,7934949,Libreville,19538
2018-10-12 00:00:00.000,2143,2163699,624873,139706,61,7934949,Lomé,8995
2018-10-12 00:00:00.000,2143,2163699,624873,139706,61,7934949,Luanda,4762
2018-10-12 00:00:00.000,2143,2163699,624873,139706,61,7934949,Lubumbashi,5740
2018-10-12 00:00:00.000,2143,2163699,624873,139706,61,7934949,Montréal,2918
2018-10-12 00:00:00.000,2143,2163699,624873,139706,61,7934949,Moroni,3131
2018-10-12 00:00:00.000,2143,2163699,624873,139706,61,7934949,N'Djaména,2921
2018-10-12 00:00:00.000,2143,2163699,624873,139706,61,7934949,Ngaoundéré,2390
2018-10-12 00:00:00.000,2143,2163699,624873,139706,61,7934949,Niamey,7930
2018-10-12 00:00:00.000,2143,2163699,624873,139706,61,7934949,Nouakchott,3397
2018-10-12 00:00:00.000,2143,2163699,624873,139706,61,7934949,Nouméa,3002
2018-10-12 00:00:00.000,2143,2163699,624873,139706,61,7934949,Oran,2968
2018-10-12 00:00:00.000,2143,2163699,624873,139706,61,7934949,Ouagadougou,30499
2018-10-12 00:00:00.000,2143,2163699,624873,139706,61,7934949,Paris,17590
2018-10-12 00:00:00.000,2143,2163699,624873,139706,61,7934949,Pointe-Noire,6537
2018-10-12 00:00:00.000,2143,2163699,624873,139706,61,7934949,Port-Louis,7471
2018-10-12 00:00:00.000,2143,2163699,624873,139706,61,7934949,Port-au-Prince,11473
2018-10-12 00:00:00.000,2143,2163699,624873,139706,61,7934949,Région de Bruxelles-Capitale,2677
2018-10-12 00:00:00.000,2143,2163699,624873,139706,61,7934949,Saint-Denis (La Réunion),3773
2018-10-12 00:00:00.000,2143,2163699,624873,139706,61,7934949,Saint-Louis,2387
2018-10-12 00:00:00.000,2143,2163699,624873,139706,61,7934949,Tananarive,7704
2018-10-12 00:00:00.000,2143,2163699,624873,139706,61,7934949,Thiès,3969
2018-10-12 00:00:00.000,2143,2163699,624873,139706,61,7934949,Tizi Ouzou,2596
2018-10-12 00:00:00.000,2143,2163699,624873,139706,61,7934949,Tunis,6891
2018-10-12 00:00:00.000,2143,2163699,624873,139706,61,7934949,Yaoundé,21288
2018-10-13 00:00:00.000,2095,2080414,645250,135629,53,8121651,Abidjan,84208
2018-10-13 00:00:00.000,2095,2080414,645250,135629,53,8121651,Alger,10608
2018-10-13 00:00:00.000,2095,2080414,645250,135629,53,8121651,Antananarivo,38744
2018-10-13 00:00:00.000,2095,2080414,645250,135629,53,8121651,Béjaïa,2379
2018-10-13 00:00:00.000,2095,2080414,645250,135629,53,8121651,Bamako,31470
2018-10-13 00:00:00.000,2095,2080414,645250,135629,53,8121651,Bangui,4474
2018-10-13 00:00:00.000,2095,2080414,645250,135629,53,8121651,Bobo-Dioulasso,5112
2018-10-13 00:00:00.000,2095,2080414,645250,135629,53,8121651,Bouaké,3700
2018-10-13 00:00:00.000,2095,2080414,645250,135629,53,8121651,Brazzaville,10507
2018-10-13 00:00:00.000,2095,2080414,645250,135629,53,8121651,Bujumbura,2615
2018-10-13 00:00:00.000,2095,2080414,645250,135629,53,8121651,Casablanca,4049
2018-10-13 00:00:00.000,2095,2080414,645250,135629,53,8121651,Cocody,4354
2018-10-13 00:00:00.000,2095,2080414,645250,135629,53,8121651,Conakry,30985
2018-10-13 00:00:00.000,2095,2080414,645250,135629,53,8121651,Cotonou,9592
2018-10-13 00:00:00.000,2095,2080414,645250,135629,53,8121651,Dakar,52398
2018-10-13 00:00:00.000,2095,2080414,645250,135629,53,8121651,Djibouti (ville),3246
2018-10-13 00:00:00.000,2095,2080414,645250,135629,53,8121651,Douala,46226
2018-10-13 00:00:00.000,2095,2080414,645250,135629,53,8121651,Fianarantsoa,2408
2018-10-13 00:00:00.000,2095,2080414,645250,135629,53,8121651,Jaúnde,11968
2018-10-13 00:00:00.000,2095,2080414,645250,135629,53,8121651,Kinshasa,33164
2018-10-13 00:00:00.000,2095,2080414,645250,135629,53,8121651,Libreville,19585
2018-10-13 00:00:00.000,2095,2080414,645250,135629,53,8121651,Lomé,9004
2018-10-13 00:00:00.000,2095,2080414,645250,135629,53,8121651,Luanda,4767
2018-10-13 00:00:00.000,2095,2080414,645250,135629,53,8121651,Lubumbashi,5758
2018-10-13 00:00:00.000,2095,2080414,645250,135629,53,8121651,Montréal,2925
2018-10-13 00:00:00.000,2095,2080414,645250,135629,53,8121651,Moroni,3133
2018-10-13 00:00:00.000,2095,2080414,645250,135629,53,8121651,N'Djaména,2927
2018-10-13 00:00:00.000,2095,2080414,645250,135629,53,8121651,Ngaoundéré,2402
2018-10-13 00:00:00.000,2095,2080414,645250,135629,53,8121651,Niamey,7945
2018-10-13 00:00:00.000,2095,2080414,645250,135629,53,8121651,Nouakchott,3405
2018-10-13 00:00:00.000,2095,2080414,645250,135629,53,8121651,Nouméa,3007
2018-10-13 00:00:00.000,2095,2080414,645250,135629,53,8121651,Oran,2970
2018-10-13 00:00:00.000,2095,2080414,645250,135629,53,8121651,Ouagadougou,30562
2018-10-13 00:00:00.000,2095,2080414,645250,135629,53,8121651,Paris,17615
2018-10-13 00:00:00.000,2095,2080414,645250,135629,53,8121651,Pointe-Noire,6547
2018-10-13 00:00:00.000,2095,2080414,645250,135629,53,8121651,Port-Louis,7483
2018-10-13 00:00:00.000,2095,2080414,645250,135629,53,8121651,Port-au-Prince,11501
2018-10-13 00:00:00.000,2095,2080414,645250,135629,53,8121651,Région de Bruxelles-Capitale,2678
2018-10-13 00:00:00.000,2095,2080414,645250,135629,53,8121651,Saint-Denis (La Réunion),3780
2018-10-13 00:00:00.000,2095,2080414,645250,135629,53,8121651,Saint-Louis,2391
2018-10-13 00:00:00.000,2095,2080414,645250,135629,53,8121651,Tananarive,7712
2018-10-13 00:00:00.000,2095,2080414,645250,135629,53,8121651,Thiès,3980
2018-10-13 00:00:00.000,2095,2080414,645250,135629,53,8121651,Tizi Ouzou,2602
2018-10-13 00:00:00.000,2095,2080414,645250,135629,53,8121651,Tunis,6900
2018-10-13 00:00:00.000,2095,2080414,645250,135629,53,8121651,Yaoundé,21335
2018-10-14 00:00:00.000,2224,2240521,673010,135181,66,8853155,Abidjan,84402
2018-10-14 00:00:00.000,2224,2240521,673010,135181,66,8853155,Alger,10631
2018-10-14 00:00:00.000,2224,2240521,673010,135181,66,8853155,Antananarivo,38827
2018-10-14 00:00:00.000,2224,2240521,673010,135181,66,8853155,Béjaïa,2400
2018-10-14 00:00:00.000,2224,2240521,673010,135181,66,8853155,Bamako,31563
2018-10-14 00:00:00.000,2224,2240521,673010,135181,66,8853155,Bangui,4480
2018-10-14 00:00:00.000,2224,2240521,673010,135181,66,8853155,Bobo-Dioulasso,5111
2018-10-14 00:00:00.000,2224,2240521,673010,135181,66,8853155,Bouaké,3629
2018-10-14 00:00:00.000,2224,2240521,673010,135181,66,8853155,Brazzaville,10515
2018-10-14 00:00:00.000,2224,2240521,673010,135181,66,8853155,Bujumbura,2623
2018-10-14 00:00:00.000,2224,2240521,673010,135181,66,8853155,Casablanca,4110
2018-10-14 00:00:00.000,2224,2240521,673010,135181,66,8853155,Cocody,4460
2018-10-14 00:00:00.000,2224,2240521,673010,135181,66,8853155,Conakry,31081
2018-10-14 00:00:00.000,2224,2240521,673010,135181,66,8853155,Cotonou,9625
2018-10-14 00:00:00.000,2224,2240521,673010,135181,66,8853155,Dakar,52506
2018-10-14 00:00:00.000,2224,2240521,673010,135181,66,8853155,Djibouti (ville),3264
2018-10-14 00:00:00.000,2224,2240521,673010,135181,66,8853155,Douala,46314
2018-10-14 00:00:00.000,2224,2240521,673010,135181,66,8853155,Fianarantsoa,2415
2018-10-14 00:00:00.000,2224,2240521,673010,135181,66,8853155,Jaúnde,12119
2018-10-14 00:00:00.000,2224,2240521,673010,135181,66,8853155,Kinshasa,33288
2018-10-14 00:00:00.000,2224,2240521,673010,135181,66,8853155,Libreville,19636
2018-10-14 00:00:00.000,2224,2240521,673010,135181,66,8853155,Lomé,9020
2018-10-14 00:00:00.000,2224,2240521,673010,135181,66,8853155,Luanda,4784
2018-10-14 00:00:00.000,2224,2240521,673010,135181,66,8853155,Lubumbashi,5776
2018-10-14 00:00:00.000,2224,2240521,673010,135181,66,8853155,Montréal,2932
2018-10-14 00:00:00.000,2224,2240521,673010,135181,66,8853155,Moroni,3164
2018-10-14 00:00:00.000,2224,2240521,673010,135181,66,8853155,N'Djaména,2933
2018-10-14 00:00:00.000,2224,2240521,673010,135181,66,8853155,Ngaoundéré,2400
2018-10-14 00:00:00.000,2224,2240521,673010,135181,66,8853155,Niamey,7966
2018-10-14 00:00:00.000,2224,2240521,673010,135181,66,8853155,Nouakchott,3417
2018-10-14 00:00:00.000,2224,2240521,673010,135181,66,8853155,Nouméa,3000
2018-10-14 00:00:00.000,2224,2240521,673010,135181,66,8853155,Oran,2995
2018-10-14 00:00:00.000,2224,2240521,673010,135181,66,8853155,Ouagadougou,30639
2018-10-14 00:00:00.000,2224,2240521,673010,135181,66,8853155,Paris,17767
2018-10-14 00:00:00.000,2224,2240521,673010,135181,66,8853155,Pointe-Noire,6564
2018-10-14 00:00:00.000,2224,2240521,673010,135181,66,8853155,Port-Louis,7458
2018-10-14 00:00:00.000,2224,2240521,673010,135181,66,8853155,Port-au-Prince,11487
2018-10-14 00:00:00.000,2224,2240521,673010,135181,66,8853155,Région de Bruxelles-Capitale,2684
2018-10-14 00:00:00.000,2224,2240521,673010,135181,66,8853155,Saint-Denis (La Réunion),3781
2018-10-14 00:00:00.000,2224,2240521,673010,135181,66,8853155,Saint-Louis,2422
2018-10-14 00:00:00.000,2224,2240521,673010,135181,66,8853155,Tananarive,7740
2018-10-14 00:00:00.000,2224,2240521,673010,135181,66,8853155,Thiès,3983
2018-10-14 00:00:00.000,2224,2240521,673010,135181,66,8853155,Tizi Ouzou,2632
2018-10-14 00:00:00.000,2224,2240521,673010,135181,66,8853155,Tunis,6902
2018-10-14 00:00:00.000,2224,2240521,673010,135181,66,8853155,Yaoundé,21403
2018-10-15 00:00:00.000,2046,2220726,678622,145009,74,8885565,Abidjan,84805
2018-10-15 00:00:00.000,2046,2220726,678622,145009,74,8885565,Alger,10559
2018-10-15 00:00:00.000,2046,2220726,678622,145009,74,8885565,Antananarivo,39128
2018-10-15 00:00:00.000,2046,2220726,678622,145009,74,8885565,Béjaïa,2399
2018-10-15 00:00:00.000,2046,2220726,678622,145009,74,8885565,Bamako,31698
2018-10-15 00:00:00.000,2046,2220726,678622,145009,74,8885565,Bangui,4494
2018-10-15 00:00:00.000,2046,2220726,678622,145009,74,8885565,Bobo-Dioulasso,5110
2018-10-15 00:00:00.000,2046,2220726,678622,145009,74,8885565,Bouaké,3609
2018-10-15 00:00:00.000,2046,2220726,678622,145009,74,8885565,Brazzaville,10545
2018-10-15 00:00:00.000,2046,2220726,678622,145009,74,8885565,Bujumbura,2636
2018-10-15 00:00:00.000,2046,2220726,678622,145009,74,8885565,Casablanca,4108
2018-10-15 00:00:00.000,2046,2220726,678622,145009,74,8885565,Cocody,4425
2018-10-15 00:00:00.000,2046,2220726,678622,145009,74,8885565,Conakry,31083
2018-10-15 00:00:00.000,2046,2220726,678622,145009,74,8885565,Cotonou,9710
2018-10-15 00:00:00.000,2046,2220726,678622,145009,74,8885565,Dakar,52787
2018-10-15 00:00:00.000,2046,2220726,678622,145009,74,8885565,Djibouti (ville),3269
2018-10-15 00:00:00.000,2046,2220726,678622,145009,74,8885565,Douala,46151
2018-10-15 00:00:00.000,2046,2220726,678622,145009,74,8885565,Fianarantsoa,2423
2018-10-15 00:00:00.000,2046,2220726,678622,145009,74,8885565,Jaúnde,12234
2018-10-15 00:00:00.000,2046,2220726,678622,145009,74,8885565,Kinshasa,33305
2018-10-15 00:00:00.000,2046,2220726,678622,145009,74,8885565,Libreville,19703
2018-10-15 00:00:00.000,2046,2220726,678622,145009,74,8885565,Lomé,9062
2018-10-15 00:00:00.000,2046,2220726,678622,145009,74,8885565,Luanda,4805
2018-10-15 00:00:00.000,2046,2220726,678622,145009,74,8885565,Lubumbashi,5838
2018-10-15 00:00:00.000,2046,2220726,678622,145009,74,8885565,Montréal,2924
2018-10-15 00:00:00.000,2046,2220726,678622,145009,74,8885565,Moroni,3206
2018-10-15 00:00:00.000,2046,2220726,678622,145009,74,8885565,N'Djaména,2950
2018-10-15 00:00:00.000,2046,2220726,678622,145009,74,8885565,Ngaoundéré,2410
2018-10-15 00:00:00.000,2046,2220726,678622,145009,74,8885565,Niamey,7969
2018-10-15 00:00:00.000,2046,2220726,678622,145009,74,8885565,Nouakchott,3430
2018-10-15 00:00:00.000,2046,2220726,678622,145009,74,8885565,Nouméa,3023
2018-10-15 00:00:00.000,2046,2220726,678622,145009,74,8885565,Oran,2992
2018-10-15 00:00:00.000,2046,2220726,678622,145009,74,8885565,Ouagadougou,30768
2018-10-15 00:00:00.000,2046,2220726,678622,145009,74,8885565,Paris,17783
2018-10-15 00:00:00.000,2046,2220726,678622,145009,74,8885565,Pointe-Noire,6589
2018-10-15 00:00:00.000,2046,2220726,678622,145009,74,8885565,Port-Louis,7448
2018-10-15 00:00:00.000,2046,2220726,678622,145009,74,8885565,Port-au-Prince,11500
2018-10-15 00:00:00.000,2046,2220726,678622,145009,74,8885565,Région de Bruxelles-Capitale,2688
2018-10-15 00:00:00.000,2046,2220726,678622,145009,74,8885565,Saint-Denis (La Réunion),3799
2018-10-15 00:00:00.000,2046,2220726,678622,145009,74,8885565,Saint-Louis,2405
2018-10-15 00:00:00.000,2046,2220726,678622,145009,74,8885565,Tananarive,7659
2018-10-15 00:00:00.000,2046,2220726,678622,145009,74,8885565,Thiès,3977
2018-10-15 00:00:00.000,2046,2220726,678622,145009,74,8885565,Tizi Ouzou,2626
2018-10-15 00:00:00.000,2046,2220726,678622,145009,74,8885565,Tunis,6918
2018-10-15 00:00:00.000,2046,2220726,678622,145009,74,8885565,Yaoundé,21499
2018-10-16 00:00:00.000,2539,2387566,695301,174117,78,10113131,Abidjan,85159
2018-10-16 00:00:00.000,2539,2387566,695301,174117,78,10113131,Alger,10633
2018-10-16 00:00:00.000,2539,2387566,695301,174117,78,10113131,Antananarivo,39465
2018-10-16 00:00:00.000,2539,2387566,695301,174117,78,10113131,Béjaïa,2391
2018-10-16 00:00:00.000,2539,2387566,695301,174117,78,10113131,Bamako,31850
2018-10-16 00:00:00.000,2539,2387566,695301,174117,78,10113131,Bangui,4512
2018-10-16 00:00:00.000,2539,2387566,695301,174117,78,10113131,Bobo-Dioulasso,5133
2018-10-16 00:00:00.000,2539,2387566,695301,174117,78,10113131,Bouaké,3599
2018-10-16 00:00:00.000,2539,2387566,695301,174117,78,10113131,Brazzaville,10590
2018-10-16 00:00:00.000,2539,2387566,695301,174117,78,10113131,Bujumbura,2661
2018-10-16 00:00:00.000,2539,2387566,695301,174117,78,10113131,Casablanca,4113
2018-10-16 00:00:00.000,2539,2387566,695301,174117,78,10113131,Cocody,4439
2018-10-16 00:00:00.000,2539,2387566,695301,174117,78,10113131,Conakry,31164
2018-10-16 00:00:00.000,2539,2387566,695301,174117,78,10113131,Cotonou,9559
2018-10-16 00:00:00.000,2539,2387566,695301,174117,78,10113131,Dakar,52985
2018-10-16 00:00:00.000,2539,2387566,695301,174117,78,10113131,Djibouti (ville),3280
2018-10-16 00:00:00.000,2539,2387566,695301,174117,78,10113131,Douala,46217
2018-10-16 00:00:00.000,2539,2387566,695301,174117,78,10113131,Fianarantsoa,2429
2018-10-16 00:00:00.000,2539,2387566,695301,174117,78,10113131,Jaúnde,12281
2018-10-16 00:00:00.000,2539,2387566,695301,174117,78,10113131,Kinshasa,33390
2018-10-16 00:00:00.000,2539,2387566,695301,174117,78,10113131,Libreville,19782
2018-10-16 00:00:00.000,2539,2387566,695301,174117,78,10113131,Lomé,9089
2018-10-16 00:00:00.000,2539,2387566,695301,174117,78,10113131,Luanda,4830
2018-10-16 00:00:00.000,2539,2387566,695301,174117,78,10113131,Lubumbashi,5845
2018-10-16 00:00:00.000,2539,2387566,695301,174117,78,10113131,Montréal,2934
2018-10-16 00:00:00.000,2539,2387566,695301,174117,78,10113131,Moroni,3215
2018-10-16 00:00:00.000,2539,2387566,695301,174117,78,10113131,N'Djaména,2959
2018-10-16 00:00:00.000,2539,2387566,695301,174117,78,10113131,Ngaoundéré,2429
2018-10-16 00:00:00.000,2539,2387566,695301,174117,78,10113131,Niamey,7964
2018-10-16 00:00:00.000,2539,2387566,695301,174117,78,10113131,Nouakchott,3438
2018-10-16 00:00:00.000,2539,2387566,695301,174117,78,10113131,Nouméa,3021
2018-10-16 00:00:00.000,2539,2387566,695301,174117,78,10113131,Oran,3008
2018-10-16 00:00:00.000,2539,2387566,695301,174117,78,10113131,Ouagadougou,30909
2018-10-16 00:00:00.000,2539,2387566,695301,174117,78,10113131,Paris,17777
2018-10-16 00:00:00.000,2539,2387566,695301,174117,78,10113131,Pointe-Noire,6618
2018-10-16 00:00:00.000,2539,2387566,695301,174117,78,10113131,Port-Louis,7447
2018-10-16 00:00:00.000,2539,2387566,695301,174117,78,10113131,Port-au-Prince,11556
2018-10-16 00:00:00.000,2539,2387566,695301,174117,78,10113131,Région de Bruxelles-Capitale,2681
2018-10-16 00:00:00.000,2539,2387566,695301,174117,78,10113131,Saint-Denis (La Réunion),3827
2018-10-16 00:00:00.000,2539,2387566,695301,174117,78,10113131,Saint-Louis,2393
2018-10-16 00:00:00.000,2539,2387566,695301,174117,78,10113131,Tananarive,7611
2018-10-16 00:00:00.000,2539,2387566,695301,174117,78,10113131,Thiès,3971
2018-10-16 00:00:00.000,2539,2387566,695301,174117,78,10113131,Tizi Ouzou,2606
2018-10-16 00:00:00.000,2539,2387566,695301,174117,78,10113131,Tunis,6918
2018-10-16 00:00:00.000,2539,2387566,695301,174117,78,10113131,Yaoundé,21541
2018-09-30 00:00:00.000,1475,1593899,524833,97375,47,5615209,Bamako,31064
2018-09-30 00:00:00.000,1475,1593899,524833,97375,47,5615209,Casablanca,3951
2018-09-30 00:00:00.000,1475,1593899,524833,97375,47,5615209,Douala,44928
2018-09-30 00:00:00.000,1475,1593899,524833,97375,47,5615209,Saint-Denis (La Réunion),3775
